<?xml version="1.0" encoding="UTF-8"?>
<PeakList>
  <PeakList1D>
    <PeakList1DHeader creator="nmr" date="2018-01-12T17:17:57.287+01:00" expNo="11" name="dj_mebeverin" owner="" procNo="1" source="/opt/topspin3.5pl5/data/jeannerat/data/nmr/nmr">
      <PeakPickDetails>F1=262.057312ppm, F2=-62.064716ppm, MI=0.00cm, MAXI=10000.00cm, PC=1.400
      </PeakPickDetails>
    </PeakList1DHeader>
    <Peak1D F1="166.443390" intensity="1.104335e+00" type="0"/>
    <Peak1D F1="159.054977" intensity="1.439393e+00" type="0"/>
    <Peak1D F1="153.607300" intensity="9.547076e-01" type="0"/>
    <Peak1D F1="148.866684" intensity="1.010547e+00" type="0"/>
    <Peak1D F1="130.064331" intensity="8.987064e+00" type="0"/>
    <Peak1D F1="127.719116" intensity="2.019465e+00" type="0"/>
    <Peak1D F1="123.515068" intensity="4.815015e+00" type="0"/>
    <Peak1D F1="122.249878" intensity="1.160465e+00" type="0"/>
    <Peak1D F1="113.961685" intensity="8.114898e+00" type="0"/>
    <Peak1D F1="112.017570" intensity="3.453468e+00" type="0"/>
    <Peak1D F1="110.585915" intensity="4.189035e+00" type="0"/>
    <Peak1D F1="63.454556" intensity="5.159852e+00" type="0"/>
    <Peak1D F1="60.385567" intensity="3.650087e+00" type="0"/>
    <Peak1D F1="55.144623" intensity="4.370163e+00" type="0"/>
    <Peak1D F1="55.114815" intensity="4.465039e+00" type="0"/>
    <Peak1D F1="54.325218" intensity="3.248830e+00" type="0"/>
    <Peak1D F1="49.915134" intensity="1.806596e+00" type="0"/>
    <Peak1D F1="48.134331" intensity="2.294124e+00" type="0"/>
    <Peak1D F1="47.963879" intensity="6.807993e+00" type="0"/>
    <Peak1D F1="47.794910" intensity="1.392598e+01" type="0"/>
    <Peak1D F1="47.625965" intensity="1.500000e+01" type="0"/>
    <Peak1D F1="47.455589" intensity="1.086464e+01" type="0"/>
    <Peak1D F1="47.282375" intensity="6.099377e+00" type="0"/>
    <Peak1D F1="47.112827" intensity="2.480989e+00" type="0"/>
    <Peak1D F1="46.165455" intensity="1.568471e+00" type="0"/>
    <Peak1D F1="35.569214" intensity="5.229514e+00" type="0"/>
    <Peak1D F1="31.680340" intensity="6.296232e-01" type="0"/>
    <Peak1D F1="29.377224" intensity="1.719945e+00" type="0"/>
    <Peak1D F1="29.327168" intensity="8.372360e-01" type="0"/>
    <Peak1D F1="29.237818" intensity="8.011511e-01" type="0"/>
    <Peak1D F1="29.075710" intensity="9.431716e-01" type="0"/>
    <Peak1D F1="28.932728" intensity="7.222347e-01" type="0"/>
    <Peak1D F1="25.785595" intensity="5.786614e+00" type="0"/>
    <Peak1D F1="24.929388" intensity="5.652198e-01" type="0"/>
    <Peak1D F1="22.344097" intensity="6.175976e-01" type="0"/>
    <Peak1D F1="21.986170" intensity="4.660865e+00" type="0"/>
    <Peak1D F1="13.065520" intensity="5.497859e-01" type="0"/>
    <Peak1D F1="11.797505" intensity="3.964505e+00" type="0"/>
    <Peak1D F1="9.522750" intensity="4.087514e+00" type="0"/>
  </PeakList1D>
</PeakList>
