<?xml version="1.0" encoding="UTF-8"?>
<PeakList>
  <PeakList1D>
    <PeakList1DHeader creator="nmr" date="2017-10-25T07:29:50.885+02:00" expNo="12" name="MP-glucose-oct17" owner="" procNo="1" source="/opt/topspin3.5pl5/data/marion/data/nmr/nmr">
      <PeakPickDetails>F1=218.326508ppm, F2=-18.334021ppm, MI=0.00cm, MAXI=10000.00cm, PC=1.400
      </PeakPickDetails>
    </PeakList1DHeader>
    <Peak1D F1="96.010857" intensity="-5.877765e-02" type="0"/>
    <Peak1D F1="95.827477" intensity="-1.172260e+01" type="0"/>
    <Peak1D F1="95.635582" intensity="-6.900815e-02" type="0"/>
    <Peak1D F1="92.011902" intensity="-6.172640e+00" type="0"/>
    <Peak1D F1="81.658127" intensity="4.301459e-02" type="0"/>
    <Peak1D F1="80.932686" intensity="4.262401e-02" type="0"/>
    <Peak1D F1="77.898338" intensity="7.723745e-02" type="0"/>
    <Peak1D F1="77.530457" intensity="8.654827e-02" type="0"/>
    <Peak1D F1="76.058372" intensity="3.151586e-01" type="0"/>
    <Peak1D F1="75.893478" intensity="1.071816e+00" type="0"/>
    <Peak1D F1="75.864006" intensity="-1.271671e+01" type="0"/>
    <Peak1D F1="75.702957" intensity="5.080919e-01" type="0"/>
    <Peak1D F1="75.668762" intensity="-1.132522e+01" type="0"/>
    <Peak1D F1="75.508453" intensity="-3.913087e-01" type="0"/>
    <Peak1D F1="74.073273" intensity="8.614110e-01" type="0"/>
    <Peak1D F1="74.044411" intensity="-9.423728e+00" type="0"/>
    <Peak1D F1="73.847923" intensity="-2.618768e-01" type="0"/>
    <Peak1D F1="73.753769" intensity="-1.943455e-01" type="0"/>
    <Peak1D F1="72.860786" intensity="1.002022e-01" type="0"/>
    <Peak1D F1="72.702370" intensity="5.235080e-01" type="0"/>
    <Peak1D F1="72.676376" intensity="-6.259347e+00" type="0"/>
    <Peak1D F1="72.344856" intensity="-9.757626e-02" type="0"/>
    <Peak1D F1="71.538651" intensity="2.689380e-01" type="0"/>
    <Peak1D F1="71.417480" intensity="1.052984e+00" type="0"/>
    <Peak1D F1="71.392792" intensity="-5.908269e+00" type="0"/>
    <Peak1D F1="71.346527" intensity="-7.654563e+00" type="0"/>
    <Peak1D F1="70.824852" intensity="-1.379642e-01" type="0"/>
    <Peak1D F1="69.574928" intensity="1.522013e+00" type="0"/>
    <Peak1D F1="69.551949" intensity="-5.303486e+00" type="0"/>
    <Peak1D F1="69.506104" intensity="-1.200085e+01" type="0"/>
    <Peak1D F1="69.328819" intensity="-5.637854e-01" type="0"/>
    <Peak1D F1="67.382385" intensity="-1.205183e-01" type="0"/>
    <Peak1D F1="65.382957" intensity="-1.055825e-01" type="0"/>
    <Peak1D F1="63.289593" intensity="-1.096556e-01" type="0"/>
    <Peak1D F1="62.553806" intensity="-1.327665e-01" type="0"/>
    <Peak1D F1="60.680504" intensity="-3.274803e+00" type="0"/>
    <Peak1D F1="60.657654" intensity="1.500000e+01" type="0"/>
    <Peak1D F1="60.513206" intensity="-1.273739e+00" type="0"/>
    <Peak1D F1="60.491764" intensity="1.039978e+01" type="0"/>
  </PeakList1D>
</PeakList>
