<?xml version="1.0" encoding="UTF-8"?>
<PeakList>
  <PeakList1D>
    <PeakList1DHeader creator="nmr" date="2018-03-15T13:05:08.762+01:00" expNo="10" name="dj_dihydronaphthalene" owner="" procNo="1" source="/opt/topspin3.5pl5/data/jeannerat/data/nmr/nmr">
      <PeakPickDetails>F1=15.187490ppm, F2=-2.836669ppm, MI=0.00cm, MAXI=10000.00cm, PC=1.000
      </PeakPickDetails>
    </PeakList1DHeader>
    <Peak1D F1="15.137742" intensity="1.122098e-03" type="0"/>
    <Peak1D F1="15.084883" intensity="1.141185e-03" type="0"/>
    <Peak1D F1="15.025094" intensity="1.078140e-03" type="0"/>
    <Peak1D F1="15.005724" intensity="1.005958e-03" type="0"/>
    <Peak1D F1="14.974524" intensity="1.004794e-03" type="0"/>
    <Peak1D F1="14.937716" intensity="1.002224e-03" type="0"/>
    <Peak1D F1="14.909930" intensity="1.081816e-03" type="0"/>
    <Peak1D F1="14.857182" intensity="9.137245e-04" type="0"/>
    <Peak1D F1="14.790808" intensity="9.549570e-04" type="0"/>
    <Peak1D F1="14.752864" intensity="8.904799e-04" type="0"/>
    <Peak1D F1="14.738794" intensity="8.365937e-04" type="0"/>
    <Peak1D F1="14.680530" intensity="8.252619e-04" type="0"/>
    <Peak1D F1="14.658566" intensity="8.605363e-04" type="0"/>
    <Peak1D F1="14.610545" intensity="9.391186e-04" type="0"/>
    <Peak1D F1="14.551435" intensity="6.702900e-04" type="0"/>
    <Peak1D F1="14.530682" intensity="7.794282e-04" type="0"/>
    <Peak1D F1="11.627344" intensity="7.317946e-04" type="0"/>
    <Peak1D F1="11.419365" intensity="6.436996e-04" type="0"/>
    <Peak1D F1="11.403378" intensity="7.391835e-04" type="0"/>
    <Peak1D F1="11.352376" intensity="6.846846e-04" type="0"/>
    <Peak1D F1="10.972777" intensity="6.536237e-04" type="0"/>
    <Peak1D F1="10.935318" intensity="7.505282e-04" type="0"/>
    <Peak1D F1="10.827783" intensity="6.838546e-04" type="0"/>
    <Peak1D F1="10.782331" intensity="6.469895e-04" type="0"/>
    <Peak1D F1="10.760449" intensity="8.065557e-04" type="0"/>
    <Peak1D F1="10.694706" intensity="7.453181e-04" type="0"/>
    <Peak1D F1="10.653977" intensity="7.708366e-04" type="0"/>
    <Peak1D F1="10.615191" intensity="6.989206e-04" type="0"/>
    <Peak1D F1="10.378108" intensity="6.935077e-04" type="0"/>
    <Peak1D F1="10.336219" intensity="1.027568e-03" type="0"/>
    <Peak1D F1="10.309916" intensity="7.233447e-04" type="0"/>
    <Peak1D F1="10.285978" intensity="7.458954e-04" type="0"/>
    <Peak1D F1="10.249934" intensity="9.982105e-04" type="0"/>
    <Peak1D F1="10.047176" intensity="1.450642e-02" type="0"/>
    <Peak1D F1="9.873105" intensity="7.139740e-04" type="0"/>
    <Peak1D F1="9.721459" intensity="6.518653e-04" type="0"/>
    <Peak1D F1="8.320246" intensity="2.540583e-03" type="0"/>
    <Peak1D F1="8.121624" intensity="1.074989e-02" type="0"/>
    <Peak1D F1="8.106022" intensity="1.107248e-02" type="0"/>
    <Peak1D F1="7.920556" intensity="5.321594e-02" type="0"/>
    <Peak1D F1="7.914008" intensity="4.823891e-02" type="0"/>
    <Peak1D F1="7.908260" intensity="4.932804e-02" type="0"/>
    <Peak1D F1="7.901752" intensity="6.006316e-02" type="0"/>
    <Peak1D F1="7.883607" intensity="1.577543e-03" type="0"/>
    <Peak1D F1="7.868775" intensity="1.888409e-03" type="0"/>
    <Peak1D F1="7.834703" intensity="1.232692e-03" type="0"/>
    <Peak1D F1="7.813305" intensity="2.690568e-03" type="0"/>
    <Peak1D F1="7.795060" intensity="1.928474e-03" type="0"/>
    <Peak1D F1="7.775895" intensity="6.853382e-03" type="0"/>
    <Peak1D F1="7.742030" intensity="1.486488e-03" type="0"/>
    <Peak1D F1="7.726816" intensity="1.517058e-03" type="0"/>
    <Peak1D F1="7.674431" intensity="4.780474e-03" type="0"/>
    <Peak1D F1="7.657746" intensity="6.665284e-03" type="0"/>
    <Peak1D F1="7.620438" intensity="7.031071e-03" type="0"/>
    <Peak1D F1="7.605505" intensity="8.153885e-03" type="0"/>
    <Peak1D F1="7.581712" intensity="2.191987e-03" type="0"/>
    <Peak1D F1="7.560120" intensity="1.245002e-02" type="0"/>
    <Peak1D F1="7.554208" intensity="6.425641e-02" type="0"/>
    <Peak1D F1="7.547845" intensity="5.629777e-02" type="0"/>
    <Peak1D F1="7.541665" intensity="6.108319e-02" type="0"/>
    <Peak1D F1="7.535379" intensity="6.098535e-02" type="0"/>
    <Peak1D F1="7.526728" intensity="2.422658e-02" type="0"/>
    <Peak1D F1="7.508103" intensity="4.323452e-02" type="0"/>
    <Peak1D F1="7.500654" intensity="4.555208e-02" type="0"/>
    <Peak1D F1="7.490711" intensity="6.335183e-02" type="0"/>
    <Peak1D F1="7.464662" intensity="2.461496e-02" type="0"/>
    <Peak1D F1="7.449744" intensity="3.234023e-02" type="0"/>
    <Peak1D F1="7.433511" intensity="9.546111e-03" type="0"/>
    <Peak1D F1="7.414460" intensity="6.011285e-03" type="0"/>
    <Peak1D F1="7.386199" intensity="2.448582e-02" type="0"/>
    <Peak1D F1="7.383550" intensity="2.425357e-02" type="0"/>
    <Peak1D F1="7.371354" intensity="4.907214e-02" type="0"/>
    <Peak1D F1="7.370280" intensity="4.965446e-02" type="0"/>
    <Peak1D F1="7.353994" intensity="4.965246e-02" type="0"/>
    <Peak1D F1="7.337958" intensity="6.299219e-02" type="0"/>
    <Peak1D F1="7.322711" intensity="8.833174e-02" type="0"/>
    <Peak1D F1="7.306415" intensity="7.373044e-02" type="0"/>
    <Peak1D F1="7.284130" intensity="3.362769e+00" type="0"/>
    <Peak1D F1="7.270857" intensity="1.229123e-01" type="0"/>
    <Peak1D F1="7.269169" intensity="1.190358e-01" type="0"/>
    <Peak1D F1="7.266534" intensity="1.085647e-01" type="0"/>
    <Peak1D F1="7.261241" intensity="1.238628e-01" type="0"/>
    <Peak1D F1="7.251685" intensity="1.131336e-01" type="0"/>
    <Peak1D F1="7.244296" intensity="1.076113e-01" type="0"/>
    <Peak1D F1="7.231007" intensity="1.482206e+00" type="0"/>
    <Peak1D F1="7.228380" intensity="2.065098e+00" type="0"/>
    <Peak1D F1="7.216762" intensity="4.131228e+00" type="0"/>
    <Peak1D F1="7.214109" intensity="5.677668e+00" type="0"/>
    <Peak1D F1="7.203134" intensity="3.791536e+00" type="0"/>
    <Peak1D F1="7.198711" intensity="6.384147e+00" type="0"/>
    <Peak1D F1="7.195488" intensity="5.012357e+00" type="0"/>
    <Peak1D F1="7.180697" intensity="8.801281e+00" type="0"/>
    <Peak1D F1="7.165957" intensity="1.185847e+01" type="0"/>
    <Peak1D F1="7.164311" intensity="1.120816e+01" type="0"/>
    <Peak1D F1="7.150391" intensity="2.688019e+00" type="0"/>
    <Peak1D F1="7.148990" intensity="2.573846e+00" type="0"/>
    <Peak1D F1="7.127341" intensity="1.421510e-01" type="0"/>
    <Peak1D F1="7.111150" intensity="1.220225e-01" type="0"/>
    <Peak1D F1="7.087814" intensity="7.662938e+00" type="0"/>
    <Peak1D F1="7.073700" intensity="6.216934e+00" type="0"/>
    <Peak1D F1="7.048848" intensity="1.155334e-01" type="0"/>
    <Peak1D F1="7.033753" intensity="8.946696e-02" type="0"/>
    <Peak1D F1="7.018622" intensity="6.557258e-02" type="0"/>
    <Peak1D F1="7.006622" intensity="6.477204e-02" type="0"/>
    <Peak1D F1="6.993259" intensity="4.711720e-02" type="0"/>
    <Peak1D F1="6.975363" intensity="1.343730e-02" type="0"/>
    <Peak1D F1="6.971931" intensity="1.342018e-02" type="0"/>
    <Peak1D F1="6.964014" intensity="1.284130e-02" type="0"/>
    <Peak1D F1="6.929661" intensity="4.897107e-02" type="0"/>
    <Peak1D F1="6.915390" intensity="4.685844e-02" type="0"/>
    <Peak1D F1="6.872044" intensity="4.822204e-03" type="0"/>
    <Peak1D F1="6.851221" intensity="5.039493e-03" type="0"/>
    <Peak1D F1="6.836238" intensity="4.826662e-03" type="0"/>
    <Peak1D F1="6.790727" intensity="2.753047e-03" type="0"/>
    <Peak1D F1="6.771321" intensity="2.482283e-03" type="0"/>
    <Peak1D F1="6.757530" intensity="2.379483e-03" type="0"/>
    <Peak1D F1="6.733700" intensity="2.386709e-03" type="0"/>
    <Peak1D F1="6.695291" intensity="3.215960e-02" type="0"/>
    <Peak1D F1="6.676133" intensity="3.387839e-02" type="0"/>
    <Peak1D F1="6.660057" intensity="2.916278e-03" type="0"/>
    <Peak1D F1="6.644991" intensity="2.722616e-03" type="0"/>
    <Peak1D F1="6.631711" intensity="1.998659e-02" type="0"/>
    <Peak1D F1="6.612722" intensity="2.097606e-02" type="0"/>
    <Peak1D F1="6.595488" intensity="3.179396e-03" type="0"/>
    <Peak1D F1="6.578990" intensity="2.137118e-02" type="0"/>
    <Peak1D F1="6.576108" intensity="2.044438e-02" type="0"/>
    <Peak1D F1="6.538821" intensity="5.493552e+00" type="0"/>
    <Peak1D F1="6.536227" intensity="4.812557e+00" type="0"/>
    <Peak1D F1="6.519666" intensity="6.039357e+00" type="0"/>
    <Peak1D F1="6.517220" intensity="5.272206e+00" type="0"/>
    <Peak1D F1="6.480315" intensity="4.135632e-02" type="0"/>
    <Peak1D F1="6.477244" intensity="3.817179e-02" type="0"/>
    <Peak1D F1="6.378369" intensity="3.232003e-02" type="0"/>
    <Peak1D F1="6.359149" intensity="3.674882e-02" type="0"/>
    <Peak1D F1="6.300336" intensity="1.084316e-03" type="0"/>
    <Peak1D F1="6.278377" intensity="2.950984e-03" type="0"/>
    <Peak1D F1="6.267080" intensity="1.638031e-02" type="0"/>
    <Peak1D F1="6.258367" intensity="3.201030e-02" type="0"/>
    <Peak1D F1="6.248310" intensity="2.607207e-02" type="0"/>
    <Peak1D F1="6.239198" intensity="2.749499e-02" type="0"/>
    <Peak1D F1="6.230441" intensity="1.413656e-02" type="0"/>
    <Peak1D F1="6.202537" intensity="8.598160e-03" type="0"/>
    <Peak1D F1="6.193592" intensity="8.818120e-03" type="0"/>
    <Peak1D F1="6.183527" intensity="8.150734e-03" type="0"/>
    <Peak1D F1="6.174415" intensity="8.427921e-03" type="0"/>
    <Peak1D F1="6.161940" intensity="1.993323e-03" type="0"/>
    <Peak1D F1="6.149596" intensity="1.082364e-02" type="0"/>
    <Peak1D F1="6.140836" intensity="2.048577e-02" type="0"/>
    <Peak1D F1="6.130042" intensity="2.360624e-02" type="0"/>
    <Peak1D F1="6.118649" intensity="6.421958e-02" type="0"/>
    <Peak1D F1="6.109475" intensity="2.773365e+00" type="0"/>
    <Peak1D F1="6.100741" intensity="5.544355e+00" type="0"/>
    <Peak1D F1="6.090591" intensity="4.685823e+00" type="0"/>
    <Peak1D F1="6.081547" intensity="5.146476e+00" type="0"/>
    <Peak1D F1="6.072835" intensity="2.667841e+00" type="0"/>
    <Peak1D F1="6.050928" intensity="4.193321e-02" type="0"/>
    <Peak1D F1="6.042306" intensity="3.436548e-02" type="0"/>
    <Peak1D F1="6.033601" intensity="2.071483e-02" type="0"/>
    <Peak1D F1="6.019164" intensity="1.005807e-02" type="0"/>
    <Peak1D F1="6.010108" intensity="8.301351e-03" type="0"/>
    <Peak1D F1="5.989812" intensity="6.953040e-03" type="0"/>
    <Peak1D F1="5.947185" intensity="1.876107e-02" type="0"/>
    <Peak1D F1="5.938560" intensity="3.441514e-02" type="0"/>
    <Peak1D F1="5.928342" intensity="2.926515e-02" type="0"/>
    <Peak1D F1="5.919362" intensity="3.212232e-02" type="0"/>
    <Peak1D F1="5.910615" intensity="1.675937e-02" type="0"/>
    <Peak1D F1="5.890138" intensity="2.349272e-03" type="0"/>
    <Peak1D F1="5.842682" intensity="1.494191e-03" type="0"/>
    <Peak1D F1="5.834109" intensity="1.537484e-03" type="0"/>
    <Peak1D F1="5.827533" intensity="1.331922e-03" type="0"/>
    <Peak1D F1="5.735165" intensity="1.156528e-03" type="0"/>
    <Peak1D F1="5.700551" intensity="8.009943e-04" type="0"/>
    <Peak1D F1="5.690018" intensity="7.699023e-04" type="0"/>
    <Peak1D F1="5.490551" intensity="8.319211e-04" type="0"/>
    <Peak1D F1="5.006502" intensity="1.703810e-03" type="0"/>
    <Peak1D F1="4.996481" intensity="1.126308e-03" type="0"/>
    <Peak1D F1="4.982758" intensity="1.202614e-03" type="0"/>
    <Peak1D F1="4.964554" intensity="1.694849e-03" type="0"/>
    <Peak1D F1="4.953638" intensity="2.157758e-03" type="0"/>
    <Peak1D F1="4.854072" intensity="3.326871e-02" type="0"/>
    <Peak1D F1="4.845479" intensity="3.312607e-02" type="0"/>
    <Peak1D F1="4.690560" intensity="3.199223e-03" type="0"/>
    <Peak1D F1="4.678230" intensity="3.478556e-03" type="0"/>
    <Peak1D F1="4.649484" intensity="1.843253e-03" type="0"/>
    <Peak1D F1="4.640262" intensity="2.952147e-03" type="0"/>
    <Peak1D F1="4.626798" intensity="1.585569e-03" type="0"/>
    <Peak1D F1="4.614659" intensity="1.111651e-03" type="0"/>
    <Peak1D F1="4.559570" intensity="9.417036e-04" type="0"/>
    <Peak1D F1="4.546398" intensity="2.810010e-03" type="0"/>
    <Peak1D F1="4.535950" intensity="4.184280e-03" type="0"/>
    <Peak1D F1="4.524002" intensity="2.487899e-03" type="0"/>
    <Peak1D F1="4.421574" intensity="1.386842e-03" type="0"/>
    <Peak1D F1="4.228474" intensity="8.857371e-04" type="0"/>
    <Peak1D F1="4.209759" intensity="1.269070e-03" type="0"/>
    <Peak1D F1="4.196991" intensity="1.008325e-03" type="0"/>
    <Peak1D F1="4.181767" intensity="1.087539e-03" type="0"/>
    <Peak1D F1="3.912017" intensity="2.598609e-02" type="0"/>
    <Peak1D F1="3.903614" intensity="3.061023e-02" type="0"/>
    <Peak1D F1="3.796787" intensity="1.141045e-02" type="0"/>
    <Peak1D F1="3.790176" intensity="1.929330e-02" type="0"/>
    <Peak1D F1="3.783793" intensity="1.027850e-02" type="0"/>
    <Peak1D F1="3.737261" intensity="1.200032e-02" type="0"/>
    <Peak1D F1="3.528534" intensity="2.804352e-03" type="0"/>
    <Peak1D F1="3.486408" intensity="9.440259e-04" type="0"/>
    <Peak1D F1="3.470328" intensity="9.755150e-03" type="0"/>
    <Peak1D F1="3.458939" intensity="3.888730e-03" type="0"/>
    <Peak1D F1="3.425021" intensity="3.402164e-03" type="0"/>
    <Peak1D F1="3.376088" intensity="1.342250e-03" type="0"/>
    <Peak1D F1="3.358392" intensity="4.166216e-03" type="0"/>
    <Peak1D F1="3.136026" intensity="1.084884e-03" type="0"/>
    <Peak1D F1="3.125793" intensity="2.090912e-03" type="0"/>
    <Peak1D F1="3.117059" intensity="1.827737e-02" type="0"/>
    <Peak1D F1="3.105457" intensity="1.681728e-02" type="0"/>
    <Peak1D F1="3.034032" intensity="1.452253e-02" type="0"/>
    <Peak1D F1="3.021788" intensity="2.261616e-02" type="0"/>
    <Peak1D F1="3.006020" intensity="5.347931e-02" type="0"/>
    <Peak1D F1="2.989397" intensity="9.061088e-02" type="0"/>
    <Peak1D F1="2.973079" intensity="5.877089e-02" type="0"/>
    <Peak1D F1="2.952186" intensity="6.915389e-03" type="0"/>
    <Peak1D F1="2.920359" intensity="4.646511e-02" type="0"/>
    <Peak1D F1="2.903277" intensity="8.506086e-02" type="0"/>
    <Peak1D F1="2.880131" intensity="8.152469e+00" type="0"/>
    <Peak1D F1="2.863620" intensity="1.500000e+01" type="0"/>
    <Peak1D F1="2.847168" intensity="9.583787e+00" type="0"/>
    <Peak1D F1="2.823970" intensity="1.597449e-01" type="0"/>
    <Peak1D F1="2.806616" intensity="9.580343e-02" type="0"/>
    <Peak1D F1="2.771120" intensity="3.009260e-02" type="0"/>
    <Peak1D F1="2.760156" intensity="2.085664e-02" type="0"/>
    <Peak1D F1="2.750879" intensity="5.374499e-02" type="0"/>
    <Peak1D F1="2.734627" intensity="1.074039e-01" type="0"/>
    <Peak1D F1="2.718529" intensity="7.062562e-02" type="0"/>
    <Peak1D F1="2.709000" intensity="2.819437e-02" type="0"/>
    <Peak1D F1="2.687151" intensity="8.328998e-03" type="0"/>
    <Peak1D F1="2.676853" intensity="9.678602e-03" type="0"/>
    <Peak1D F1="2.668749" intensity="8.909194e-03" type="0"/>
    <Peak1D F1="2.631225" intensity="1.511742e-02" type="0"/>
    <Peak1D F1="2.619729" intensity="1.334911e-02" type="0"/>
    <Peak1D F1="2.599362" intensity="9.085509e-03" type="0"/>
    <Peak1D F1="2.588786" intensity="9.999496e-03" type="0"/>
    <Peak1D F1="2.562604" intensity="8.519861e-04" type="0"/>
    <Peak1D F1="2.526148" intensity="4.128435e-02" type="0"/>
    <Peak1D F1="2.521357" intensity="2.259817e-02" type="0"/>
    <Peak1D F1="2.517606" intensity="2.556912e-02" type="0"/>
    <Peak1D F1="2.512478" intensity="3.287420e-02" type="0"/>
    <Peak1D F1="2.509450" intensity="3.802274e-02" type="0"/>
    <Peak1D F1="2.500819" intensity="4.120822e-02" type="0"/>
    <Peak1D F1="2.497694" intensity="3.344676e-02" type="0"/>
    <Peak1D F1="2.493563" intensity="2.530546e-02" type="0"/>
    <Peak1D F1="2.487857" intensity="2.005325e-02" type="0"/>
    <Peak1D F1="2.484639" intensity="2.324446e-02" type="0"/>
    <Peak1D F1="2.464206" intensity="1.987428e-02" type="0"/>
    <Peak1D F1="2.453686" intensity="1.053894e-02" type="0"/>
    <Peak1D F1="2.444267" intensity="2.365505e-02" type="0"/>
    <Peak1D F1="2.440826" intensity="2.037965e-02" type="0"/>
    <Peak1D F1="2.431813" intensity="2.314548e-02" type="0"/>
    <Peak1D F1="2.423659" intensity="3.814015e-02" type="0"/>
    <Peak1D F1="2.403501" intensity="3.186437e+00" type="0"/>
    <Peak1D F1="2.400419" intensity="4.087471e+00" type="0"/>
    <Peak1D F1="2.394956" intensity="3.687499e+00" type="0"/>
    <Peak1D F1="2.391634" intensity="4.729612e+00" type="0"/>
    <Peak1D F1="2.386553" intensity="6.091599e+00" type="0"/>
    <Peak1D F1="2.383527" intensity="7.070901e+00" type="0"/>
    <Peak1D F1="2.380288" intensity="5.511741e+00" type="0"/>
    <Peak1D F1="2.377814" intensity="6.401115e+00" type="0"/>
    <Peak1D F1="2.374926" intensity="6.861692e+00" type="0"/>
    <Peak1D F1="2.371612" intensity="5.359547e+00" type="0"/>
    <Peak1D F1="2.367667" intensity="4.118076e+00" type="0"/>
    <Peak1D F1="2.362064" intensity="3.270568e+00" type="0"/>
    <Peak1D F1="2.358818" intensity="3.676906e+00" type="0"/>
    <Peak1D F1="2.335782" intensity="9.076878e-02" type="0"/>
    <Peak1D F1="2.328451" intensity="6.604743e-02" type="0"/>
    <Peak1D F1="2.319432" intensity="5.479518e-02" type="0"/>
    <Peak1D F1="2.286672" intensity="2.269133e-02" type="0"/>
    <Peak1D F1="2.278529" intensity="2.446481e-02" type="0"/>
    <Peak1D F1="2.273909" intensity="3.467249e-02" type="0"/>
    <Peak1D F1="2.270765" intensity="3.849974e-02" type="0"/>
    <Peak1D F1="2.265236" intensity="3.589111e-02" type="0"/>
    <Peak1D F1="2.261919" intensity="4.056291e-02" type="0"/>
    <Peak1D F1="2.256896" intensity="4.839571e-02" type="0"/>
    <Peak1D F1="2.253874" intensity="5.339918e-02" type="0"/>
    <Peak1D F1="2.247982" intensity="4.960025e-02" type="0"/>
    <Peak1D F1="2.245335" intensity="5.221907e-02" type="0"/>
    <Peak1D F1="2.241920" intensity="4.277078e-02" type="0"/>
    <Peak1D F1="2.237895" intensity="3.621924e-02" type="0"/>
    <Peak1D F1="2.232249" intensity="3.280712e-02" type="0"/>
    <Peak1D F1="2.229017" intensity="3.778102e-02" type="0"/>
    <Peak1D F1="2.210062" intensity="3.196984e-02" type="0"/>
    <Peak1D F1="2.197550" intensity="3.377939e-02" type="0"/>
    <Peak1D F1="2.184616" intensity="2.758591e-02" type="0"/>
    <Peak1D F1="2.172610" intensity="1.711014e-02" type="0"/>
    <Peak1D F1="2.150423" intensity="1.082397e-02" type="0"/>
    <Peak1D F1="2.141230" intensity="1.138863e-02" type="0"/>
    <Peak1D F1="2.128864" intensity="1.324404e-02" type="0"/>
    <Peak1D F1="2.122061" intensity="1.297781e-02" type="0"/>
    <Peak1D F1="2.109308" intensity="1.587369e-02" type="0"/>
    <Peak1D F1="2.103305" intensity="1.294013e-02" type="0"/>
    <Peak1D F1="2.095611" intensity="1.435033e-02" type="0"/>
    <Peak1D F1="2.092036" intensity="1.483975e-02" type="0"/>
    <Peak1D F1="2.087319" intensity="1.374779e-02" type="0"/>
    <Peak1D F1="2.077486" intensity="2.029909e-02" type="0"/>
    <Peak1D F1="2.072331" intensity="2.769092e-02" type="0"/>
    <Peak1D F1="2.068317" intensity="3.577751e-02" type="0"/>
    <Peak1D F1="2.064177" intensity="3.399245e-02" type="0"/>
    <Peak1D F1="2.054579" intensity="4.795077e-02" type="0"/>
    <Peak1D F1="2.049836" intensity="4.788124e-02" type="0"/>
    <Peak1D F1="2.045759" intensity="6.220955e-02" type="0"/>
    <Peak1D F1="2.038221" intensity="2.585612e-02" type="0"/>
    <Peak1D F1="2.032842" intensity="3.017516e-02" type="0"/>
    <Peak1D F1="2.028711" intensity="2.630199e-02" type="0"/>
    <Peak1D F1="2.026321" intensity="2.595837e-02" type="0"/>
    <Peak1D F1="2.023245" intensity="2.637265e-02" type="0"/>
    <Peak1D F1="2.016017" intensity="2.595680e-02" type="0"/>
    <Peak1D F1="2.010263" intensity="1.947762e-02" type="0"/>
    <Peak1D F1="1.999836" intensity="3.122712e-02" type="0"/>
    <Peak1D F1="1.986463" intensity="3.114914e-02" type="0"/>
    <Peak1D F1="1.982129" intensity="3.286839e-02" type="0"/>
    <Peak1D F1="1.970778" intensity="3.639066e-02" type="0"/>
    <Peak1D F1="1.964986" intensity="2.996261e-02" type="0"/>
    <Peak1D F1="1.962693" intensity="3.076186e-02" type="0"/>
    <Peak1D F1="1.950300" intensity="2.405634e-02" type="0"/>
    <Peak1D F1="1.940577" intensity="1.322060e-02" type="0"/>
    <Peak1D F1="1.935111" intensity="1.156981e-02" type="0"/>
    <Peak1D F1="1.926370" intensity="1.050449e-02" type="0"/>
    <Peak1D F1="1.918340" intensity="9.975431e-03" type="0"/>
    <Peak1D F1="1.906233" intensity="1.054114e-02" type="0"/>
    <Peak1D F1="1.900489" intensity="1.220586e-02" type="0"/>
    <Peak1D F1="1.888577" intensity="1.361538e-02" type="0"/>
    <Peak1D F1="1.878552" intensity="2.917923e-02" type="0"/>
    <Peak1D F1="1.870483" intensity="4.654376e-02" type="0"/>
    <Peak1D F1="1.864448" intensity="6.848179e-02" type="0"/>
    <Peak1D F1="1.862327" intensity="7.262028e-02" type="0"/>
    <Peak1D F1="1.859743" intensity="7.123433e-02" type="0"/>
    <Peak1D F1="1.852426" intensity="4.981114e-02" type="0"/>
    <Peak1D F1="1.848863" intensity="4.470538e-02" type="0"/>
    <Peak1D F1="1.842413" intensity="3.157101e-02" type="0"/>
    <Peak1D F1="1.836716" intensity="2.394893e-02" type="0"/>
    <Peak1D F1="1.831090" intensity="3.064584e-02" type="0"/>
    <Peak1D F1="1.820403" intensity="2.274171e-02" type="0"/>
    <Peak1D F1="1.802964" intensity="1.409824e-02" type="0"/>
    <Peak1D F1="1.791648" intensity="1.241175e-02" type="0"/>
    <Peak1D F1="1.748387" intensity="7.958757e-03" type="0"/>
    <Peak1D F1="1.734400" intensity="8.973320e-03" type="0"/>
    <Peak1D F1="1.723331" intensity="8.556246e-03" type="0"/>
    <Peak1D F1="1.701703" intensity="3.749678e-02" type="0"/>
    <Peak1D F1="1.689460" intensity="3.595450e-02" type="0"/>
    <Peak1D F1="1.603522" intensity="1.079205e-02" type="0"/>
    <Peak1D F1="1.563467" intensity="1.302655e+00" type="0"/>
    <Peak1D F1="1.533072" intensity="1.161285e-02" type="0"/>
    <Peak1D F1="1.523388" intensity="1.050920e-02" type="0"/>
    <Peak1D F1="1.473104" intensity="3.273206e-03" type="0"/>
    <Peak1D F1="1.440339" intensity="3.080263e-03" type="0"/>
    <Peak1D F1="1.405160" intensity="4.196576e-03" type="0"/>
    <Peak1D F1="1.391986" intensity="4.166264e-03" type="0"/>
    <Peak1D F1="1.370181" intensity="5.027582e-03" type="0"/>
    <Peak1D F1="1.362243" intensity="5.308921e-03" type="0"/>
    <Peak1D F1="1.332979" intensity="1.367493e-02" type="0"/>
    <Peak1D F1="1.322600" intensity="1.362167e-02" type="0"/>
    <Peak1D F1="1.308692" intensity="1.217147e-02" type="0"/>
    <Peak1D F1="1.289384" intensity="4.862124e-03" type="0"/>
    <Peak1D F1="1.274148" intensity="3.047809e-03" type="0"/>
    <Peak1D F1="1.204193" intensity="1.417973e-03" type="0"/>
    <Peak1D F1="1.194564" intensity="1.563905e-03" type="0"/>
    <Peak1D F1="1.180159" intensity="7.009122e-03" type="0"/>
    <Peak1D F1="1.167249" intensity="7.351958e-03" type="0"/>
    <Peak1D F1="1.123419" intensity="1.031815e-03" type="0"/>
    <Peak1D F1="1.090839" intensity="9.921341e-04" type="0"/>
    <Peak1D F1="1.075103" intensity="1.025181e-03" type="0"/>
    <Peak1D F1="1.060330" intensity="1.329324e-03" type="0"/>
    <Peak1D F1="1.042594" intensity="1.905390e-03" type="0"/>
    <Peak1D F1="1.027837" intensity="2.724662e-03" type="0"/>
    <Peak1D F1="1.011515" intensity="1.683866e-03" type="0"/>
    <Peak1D F1="0.973082" intensity="2.825639e-03" type="0"/>
    <Peak1D F1="0.960419" intensity="3.920929e-03" type="0"/>
    <Peak1D F1="0.946835" intensity="3.123152e-03" type="0"/>
    <Peak1D F1="0.896181" intensity="7.353452e-04" type="0"/>
    <Peak1D F1="0.156015" intensity="6.101376e-03" type="0"/>
    <Peak1D F1="-1.139084" intensity="6.461902e-04" type="0"/>
    <Peak1D F1="-1.461788" intensity="7.202242e-04" type="0"/>
    <Peak1D F1="-1.652562" intensity="6.725129e-04" type="0"/>
  </PeakList1D>
</PeakList>
