<?xml version="1.0" encoding="UTF-8"?>
<PeakList>
  <PeakList1D>
    <PeakList1DHeader creator="nmr" date="2014-08-13T22:07:07.896+02:00" expNo="11" name="djhap_perylene" owner="" procNo="1" source="/opt/topspin/data/jeannerat">
      <PeakPickDetails>F1=260.315ppm, F2=-60.322ppm, MI=0.00cm, MAXI=10000.00cm, PC=1.400
      </PeakPickDetails>
    </PeakList1DHeader>
    <Peak1D F1="227.1881" intensity="0.41" type="0"/>
    <Peak1D F1="226.1279" intensity="0.40" type="0"/>
    <Peak1D F1="222.3159" intensity="0.43" type="0"/>
    <Peak1D F1="221.8401" intensity="0.45" type="0"/>
    <Peak1D F1="218.5398" intensity="0.43" type="0"/>
    <Peak1D F1="214.0584" intensity="0.42" type="0"/>
    <Peak1D F1="180.5411" intensity="0.22" type="0"/>
    <Peak1D F1="151.3857" intensity="0.35" type="0"/>
    <Peak1D F1="145.1384" intensity="0.42" type="0"/>
    <Peak1D F1="143.2392" intensity="0.43" type="0"/>
    <Peak1D F1="138.6046" intensity="0.45" type="0"/>
    <Peak1D F1="136.1763" intensity="0.47" type="0"/>
    <Peak1D F1="134.8167" intensity="3.69" type="0"/>
    <Peak1D F1="131.3047" intensity="4.94" type="0"/>
    <Peak1D F1="131.0388" intensity="0.48" type="0"/>
    <Peak1D F1="128.8474" intensity="3.09" type="0"/>
    <Peak1D F1="128.5259" intensity="0.46" type="0"/>
    <Peak1D F1="128.2893" intensity="0.49" type="0"/>
    <Peak1D F1="128.2392" intensity="0.48" type="0"/>
    <Peak1D F1="127.8968" intensity="12.83" type="0"/>
    <Peak1D F1="127.6816" intensity="0.49" type="0"/>
    <Peak1D F1="127.5563" intensity="0.49" type="0"/>
    <Peak1D F1="126.9387" intensity="0.46" type="0"/>
    <Peak1D F1="126.7632" intensity="0.46" type="0"/>
    <Peak1D F1="126.5904" intensity="11.23" type="0"/>
    <Peak1D F1="124.2398" intensity="0.46" type="0"/>
    <Peak1D F1="121.0207" intensity="0.41" type="0"/>
    <Peak1D F1="120.4517" intensity="0.34" type="0"/>
    <Peak1D F1="120.2554" intensity="15.00" type="0"/>
    <Peak1D F1="108.4968" intensity="0.29" type="0"/>
    <Peak1D F1="105.2461" intensity="0.25" type="0"/>
    <Peak1D F1="101.2836" intensity="0.23" type="0"/>
    <Peak1D F1="94.1211" intensity="0.19" type="0"/>
    <Peak1D F1="77.2902" intensity="50.11" type="0"/>
    <Peak1D F1="77.0364" intensity="57.59" type="0"/>
    <Peak1D F1="76.7823" intensity="63.14" type="0"/>
    <Peak1D F1="66.5928" intensity="0.72" type="0"/>
    <Peak1D F1="49.6780" intensity="0.42" type="0"/>
    <Peak1D F1="28.8753" intensity="0.22" type="0"/>
    <Peak1D F1="-12.6556" intensity="0.55" type="0"/>
    <Peak1D F1="-20.8764" intensity="0.56" type="0"/>
    <Peak1D F1="-26.8251" intensity="0.55" type="0"/>
    <Peak1D F1="-28.6932" intensity="0.54" type="0"/>
    <Peak1D F1="-36.6482" intensity="0.52" type="0"/>
    <Peak1D F1="-42.9580" intensity="0.50" type="0"/>
    <Peak1D F1="-43.8946" intensity="0.49" type="0"/>
  </PeakList1D>
</PeakList>
