<?xml version="1.0" encoding="UTF-8"?>
<PeakList>
  <PeakList1D>
    <PeakList1DHeader creator="nmr" date="2018-03-15T13:47:52.895+01:00" expNo="21" name="dj_dihydronaphthalene" owner="" procNo="1" source="/opt/topspin3.5pl5/data/jeannerat/data/nmr/nmr">
      <PeakPickDetails>F1=218.326508ppm, F2=-18.334021ppm, MI=0.00cm, MAXI=10000.00cm, PC=1.400
      </PeakPickDetails>
    </PeakList1DHeader>
    <Peak1D F1="135.505173" intensity="3.595815e-01" type="0"/>
    <Peak1D F1="134.176086" intensity="2.385926e-01" type="0"/>
    <Peak1D F1="129.178589" intensity="6.201360e-02" type="0"/>
    <Peak1D F1="129.083054" intensity="1.083865e-01" type="0"/>
    <Peak1D F1="128.860519" intensity="7.890738e-02" type="0"/>
    <Peak1D F1="128.701950" intensity="1.160973e+01" type="0"/>
    <Peak1D F1="128.476639" intensity="7.173539e-02" type="0"/>
    <Peak1D F1="128.036545" intensity="6.515981e-02" type="0"/>
    <Peak1D F1="127.933975" intensity="1.459735e-01" type="0"/>
    <Peak1D F1="127.834648" intensity="1.102479e+01" type="0"/>
    <Peak1D F1="127.648560" intensity="1.175326e-01" type="0"/>
    <Peak1D F1="127.567558" intensity="1.155986e+01" type="0"/>
    <Peak1D F1="127.386841" intensity="7.064413e-02" type="0"/>
    <Peak1D F1="127.304527" intensity="7.376821e-02" type="0"/>
    <Peak1D F1="127.033562" intensity="5.897083e-02" type="0"/>
    <Peak1D F1="126.890121" intensity="1.022626e+01" type="0"/>
    <Peak1D F1="126.742378" intensity="7.173394e-02" type="0"/>
    <Peak1D F1="126.594307" intensity="5.457318e-02" type="0"/>
    <Peak1D F1="126.482460" intensity="1.025111e+01" type="0"/>
    <Peak1D F1="126.249794" intensity="1.051604e-01" type="0"/>
    <Peak1D F1="126.146591" intensity="7.640974e-02" type="0"/>
    <Peak1D F1="126.061256" intensity="6.977470e-02" type="0"/>
    <Peak1D F1="125.928062" intensity="1.083162e+01" type="0"/>
    <Peak1D F1="125.447983" intensity="7.180346e-02" type="0"/>
    <Peak1D F1="77.347511" intensity="-8.539891e-02" type="0"/>
    <Peak1D F1="77.283615" intensity="9.946155e-02" type="0"/>
    <Peak1D F1="77.091942" intensity="-6.788452e-02" type="0"/>
    <Peak1D F1="76.835564" intensity="-5.581261e-02" type="0"/>
    <Peak1D F1="68.224983" intensity="-6.744714e-02" type="0"/>
    <Peak1D F1="37.886299" intensity="6.770582e-02" type="0"/>
    <Peak1D F1="33.741966" intensity="-8.567619e-02" type="0"/>
    <Peak1D F1="33.580750" intensity="6.384587e-02" type="0"/>
    <Peak1D F1="32.341148" intensity="1.633233e-01" type="0"/>
    <Peak1D F1="29.768936" intensity="5.173838e-02" type="0"/>
    <Peak1D F1="29.302195" intensity="1.814017e-01" type="0"/>
    <Peak1D F1="27.702665" intensity="1.802126e-01" type="0"/>
    <Peak1D F1="27.536058" intensity="1.169853e+01" type="0"/>
    <Peak1D F1="27.499073" intensity="-3.640005e-01" type="0"/>
    <Peak1D F1="27.376858" intensity="-1.446591e-01" type="0"/>
    <Peak1D F1="27.286211" intensity="-1.185530e-01" type="0"/>
    <Peak1D F1="25.292433" intensity="-5.831315e-02" type="0"/>
    <Peak1D F1="23.356459" intensity="6.634565e-02" type="0"/>
    <Peak1D F1="23.228333" intensity="1.500000e+01" type="0"/>
    <Peak1D F1="23.080460" intensity="1.083584e-01" type="0"/>
    <Peak1D F1="23.058567" intensity="1.300887e-01" type="0"/>
    <Peak1D F1="21.327991" intensity="-8.332610e-02" type="0"/>
    <Peak1D F1="18.843477" intensity="1.503680e-01" type="0"/>
    <Peak1D F1="17.024895" intensity="-7.349293e-02" type="0"/>
    <Peak1D F1="12.879305" intensity="5.867302e-02" type="0"/>
  </PeakList1D>
</PeakList>
