<?xml version="1.0" encoding="UTF-8"?>
<PeakList>
  <PeakList1D>
    <PeakList1DHeader creator="nmr" date="2018-01-12T16:59:12.847+01:00" expNo="10" name="dj_mebeverin" owner="" procNo="1" source="/opt/topspin3.5pl5/data/jeannerat/data/nmr/nmr">
      <PeakPickDetails>F1=15.187490ppm, F2=-2.836669ppm, MI=0.00cm, MAXI=10000.00cm, PC=1.000
      </PeakPickDetails>
    </PeakList1DHeader>
    <Peak1D F1="15.174890" intensity="2.716580e-03" type="0"/>
    <Peak1D F1="15.014579" intensity="2.393745e-03" type="0"/>
    <Peak1D F1="14.933050" intensity="2.237020e-03" type="0"/>
    <Peak1D F1="14.825397" intensity="1.980399e-03" type="0"/>
    <Peak1D F1="14.817074" intensity="1.874062e-03" type="0"/>
    <Peak1D F1="14.737236" intensity="1.631955e-03" type="0"/>
    <Peak1D F1="14.705379" intensity="1.506773e-03" type="0"/>
    <Peak1D F1="14.670133" intensity="1.521482e-03" type="0"/>
    <Peak1D F1="14.655452" intensity="1.399163e-03" type="0"/>
    <Peak1D F1="14.645394" intensity="1.366247e-03" type="0"/>
    <Peak1D F1="14.617197" intensity="1.382147e-03" type="0"/>
    <Peak1D F1="14.573040" intensity="1.103225e-03" type="0"/>
    <Peak1D F1="14.563811" intensity="1.130759e-03" type="0"/>
    <Peak1D F1="14.542448" intensity="1.023302e-03" type="0"/>
    <Peak1D F1="14.529846" intensity="1.036104e-03" type="0"/>
    <Peak1D F1="14.469861" intensity="7.511629e-04" type="0"/>
    <Peak1D F1="14.447911" intensity="6.901236e-04" type="0"/>
    <Peak1D F1="14.408964" intensity="7.197211e-04" type="0"/>
    <Peak1D F1="14.403377" intensity="7.531215e-04" type="0"/>
    <Peak1D F1="12.033280" intensity="5.677586e-04" type="0"/>
    <Peak1D F1="11.836189" intensity="6.527824e-04" type="0"/>
    <Peak1D F1="11.791117" intensity="6.058805e-04" type="0"/>
    <Peak1D F1="11.698327" intensity="7.185276e-04" type="0"/>
    <Peak1D F1="11.631118" intensity="8.293637e-04" type="0"/>
    <Peak1D F1="11.587140" intensity="7.997455e-04" type="0"/>
    <Peak1D F1="11.577210" intensity="8.068700e-04" type="0"/>
    <Peak1D F1="11.490152" intensity="8.993026e-04" type="0"/>
    <Peak1D F1="11.432429" intensity="8.375202e-04" type="0"/>
    <Peak1D F1="11.404419" intensity="1.026900e-03" type="0"/>
    <Peak1D F1="11.373193" intensity="8.687254e-04" type="0"/>
    <Peak1D F1="11.344482" intensity="9.782745e-04" type="0"/>
    <Peak1D F1="11.281858" intensity="1.034628e-03" type="0"/>
    <Peak1D F1="11.169726" intensity="9.868902e-04" type="0"/>
    <Peak1D F1="11.142927" intensity="1.054269e-03" type="0"/>
    <Peak1D F1="11.129875" intensity="1.033868e-03" type="0"/>
    <Peak1D F1="11.103978" intensity="9.739195e-04" type="0"/>
    <Peak1D F1="11.069496" intensity="1.018438e-03" type="0"/>
    <Peak1D F1="11.013512" intensity="1.063308e-03" type="0"/>
    <Peak1D F1="10.984365" intensity="1.277571e-03" type="0"/>
    <Peak1D F1="10.968426" intensity="1.159599e-03" type="0"/>
    <Peak1D F1="10.951662" intensity="1.015545e-03" type="0"/>
    <Peak1D F1="10.930367" intensity="1.087081e-03" type="0"/>
    <Peak1D F1="10.887881" intensity="1.063327e-03" type="0"/>
    <Peak1D F1="10.847222" intensity="1.038347e-03" type="0"/>
    <Peak1D F1="10.820351" intensity="1.055239e-03" type="0"/>
    <Peak1D F1="10.813910" intensity="1.198376e-03" type="0"/>
    <Peak1D F1="10.802154" intensity="1.062287e-03" type="0"/>
    <Peak1D F1="10.769234" intensity="1.133444e-03" type="0"/>
    <Peak1D F1="10.696036" intensity="1.095240e-03" type="0"/>
    <Peak1D F1="10.681057" intensity="1.091890e-03" type="0"/>
    <Peak1D F1="10.637734" intensity="1.196707e-03" type="0"/>
    <Peak1D F1="10.609104" intensity="1.219667e-03" type="0"/>
    <Peak1D F1="10.565690" intensity="1.112462e-03" type="0"/>
    <Peak1D F1="10.534427" intensity="1.133564e-03" type="0"/>
    <Peak1D F1="10.514615" intensity="1.202192e-03" type="0"/>
    <Peak1D F1="10.465516" intensity="1.122197e-03" type="0"/>
    <Peak1D F1="10.378798" intensity="1.274020e-03" type="0"/>
    <Peak1D F1="10.351289" intensity="1.168224e-03" type="0"/>
    <Peak1D F1="10.296071" intensity="1.156175e-03" type="0"/>
    <Peak1D F1="10.255731" intensity="1.107718e-03" type="0"/>
    <Peak1D F1="10.207824" intensity="1.156077e-03" type="0"/>
    <Peak1D F1="10.182614" intensity="1.072602e-03" type="0"/>
    <Peak1D F1="10.115189" intensity="1.030831e-03" type="0"/>
    <Peak1D F1="10.064629" intensity="9.849383e-04" type="0"/>
    <Peak1D F1="10.041087" intensity="1.060111e-03" type="0"/>
    <Peak1D F1="9.996932" intensity="9.063087e-04" type="0"/>
    <Peak1D F1="9.980227" intensity="9.971638e-04" type="0"/>
    <Peak1D F1="9.945255" intensity="1.043070e-03" type="0"/>
    <Peak1D F1="9.916600" intensity="9.786074e-04" type="0"/>
    <Peak1D F1="9.909718" intensity="9.672505e-04" type="0"/>
    <Peak1D F1="9.898514" intensity="9.165468e-04" type="0"/>
    <Peak1D F1="9.887507" intensity="8.975635e-04" type="0"/>
    <Peak1D F1="9.874432" intensity="9.534451e-04" type="0"/>
    <Peak1D F1="9.860466" intensity="8.404147e-04" type="0"/>
    <Peak1D F1="9.778611" intensity="8.791621e-04" type="0"/>
    <Peak1D F1="9.752293" intensity="7.379843e-04" type="0"/>
    <Peak1D F1="9.686562" intensity="8.334858e-04" type="0"/>
    <Peak1D F1="9.670053" intensity="7.391683e-04" type="0"/>
    <Peak1D F1="9.665344" intensity="6.671888e-04" type="0"/>
    <Peak1D F1="9.647163" intensity="6.534043e-04" type="0"/>
    <Peak1D F1="9.634387" intensity="6.048049e-04" type="0"/>
    <Peak1D F1="9.602509" intensity="6.362753e-04" type="0"/>
    <Peak1D F1="9.584925" intensity="7.307862e-04" type="0"/>
    <Peak1D F1="9.533572" intensity="6.366173e-04" type="0"/>
    <Peak1D F1="9.522458" intensity="6.321194e-04" type="0"/>
    <Peak1D F1="9.491976" intensity="6.597907e-04" type="0"/>
    <Peak1D F1="8.471751" intensity="3.910036e-03" type="0"/>
    <Peak1D F1="7.880445" intensity="5.190178e-03" type="0"/>
    <Peak1D F1="7.876847" intensity="5.359103e-03" type="0"/>
    <Peak1D F1="7.863598" intensity="5.620909e-03" type="0"/>
    <Peak1D F1="7.859851" intensity="6.009719e-03" type="0"/>
    <Peak1D F1="7.717679" intensity="1.335475e+00" type="0"/>
    <Peak1D F1="7.713833" intensity="1.407296e+00" type="0"/>
    <Peak1D F1="7.700838" intensity="1.431336e+00" type="0"/>
    <Peak1D F1="7.696989" intensity="1.482206e+00" type="0"/>
    <Peak1D F1="7.567942" intensity="2.673840e+00" type="0"/>
    <Peak1D F1="7.564204" intensity="2.589209e+00" type="0"/>
    <Peak1D F1="7.534455" intensity="2.331486e-02" type="0"/>
    <Peak1D F1="7.530877" intensity="1.995883e-02" type="0"/>
    <Peak1D F1="7.450100" intensity="5.692151e-04" type="0"/>
    <Peak1D F1="7.405846" intensity="1.240929e-02" type="0"/>
    <Peak1D F1="7.402277" intensity="1.200606e-02" type="0"/>
    <Peak1D F1="7.351730" intensity="1.035424e-02" type="0"/>
    <Peak1D F1="7.336865" intensity="1.094464e-02" type="0"/>
    <Peak1D F1="7.318691" intensity="9.131362e-04" type="0"/>
    <Peak1D F1="7.197751" intensity="2.972569e+00" type="0"/>
    <Peak1D F1="7.180650" intensity="3.345950e+00" type="0"/>
    <Peak1D F1="7.041015" intensity="2.361548e+00" type="0"/>
    <Peak1D F1="7.024065" intensity="2.264227e+00" type="0"/>
    <Peak1D F1="6.892156" intensity="3.421385e+00" type="0"/>
    <Peak1D F1="6.874981" intensity="3.117241e+00" type="0"/>
    <Peak1D F1="6.764774" intensity="5.674913e-04" type="0"/>
    <Peak1D F1="6.732892" intensity="9.439669e-03" type="0"/>
    <Peak1D F1="6.729028" intensity="9.122083e-03" type="0"/>
    <Peak1D F1="6.716787" intensity="9.307160e-03" type="0"/>
    <Peak1D F1="6.710638" intensity="7.575533e-03" type="0"/>
    <Peak1D F1="5.255775" intensity="6.659717e-03" type="0"/>
    <Peak1D F1="5.251789" intensity="7.902827e-03" type="0"/>
    <Peak1D F1="5.243654" intensity="1.858005e-02" type="0"/>
    <Peak1D F1="5.239807" intensity="5.572412e-03" type="0"/>
    <Peak1D F1="5.235558" intensity="8.460024e-03" type="0"/>
    <Peak1D F1="5.231531" intensity="7.857647e-03" type="0"/>
    <Peak1D F1="5.075003" intensity="1.575198e-03" type="0"/>
    <Peak1D F1="5.064037" intensity="3.095077e-03" type="0"/>
    <Peak1D F1="5.056154" intensity="3.580120e-03" type="0"/>
    <Peak1D F1="4.888289" intensity="3.191543e+00" type="0"/>
    <Peak1D F1="4.569999" intensity="5.591521e-03" type="0"/>
    <Peak1D F1="4.558181" intensity="1.010768e-02" type="0"/>
    <Peak1D F1="4.549538" intensity="4.564738e-03" type="0"/>
    <Peak1D F1="4.450240" intensity="9.619721e-02" type="0"/>
    <Peak1D F1="4.437776" intensity="2.234319e-01" type="0"/>
    <Peak1D F1="4.424844" intensity="1.251324e+00" type="0"/>
    <Peak1D F1="4.412864" intensity="2.219730e+00" type="0"/>
    <Peak1D F1="4.403911" intensity="1.163741e+00" type="0"/>
    <Peak1D F1="4.401330" intensity="1.109138e+00" type="0"/>
    <Peak1D F1="4.390207" intensity="2.256612e-01" type="0"/>
    <Peak1D F1="4.378526" intensity="9.656635e-02" type="0"/>
    <Peak1D F1="4.345038" intensity="4.690912e-02" type="0"/>
    <Peak1D F1="4.336879" intensity="4.590718e-02" type="0"/>
    <Peak1D F1="4.321030" intensity="5.766753e-02" type="0"/>
    <Peak1D F1="4.312932" intensity="5.510800e-02" type="0"/>
    <Peak1D F1="4.274103" intensity="9.233308e-03" type="0"/>
    <Peak1D F1="4.262625" intensity="1.560572e-02" type="0"/>
    <Peak1D F1="4.252154" intensity="1.177281e-02" type="0"/>
    <Peak1D F1="4.191878" intensity="1.007848e-01" type="0"/>
    <Peak1D F1="4.179662" intensity="1.238521e-01" type="0"/>
    <Peak1D F1="4.167861" intensity="1.339175e-01" type="0"/>
    <Peak1D F1="4.155729" intensity="1.488000e-01" type="0"/>
    <Peak1D F1="4.141721" intensity="1.210663e-01" type="0"/>
    <Peak1D F1="4.128575" intensity="1.278141e-01" type="0"/>
    <Peak1D F1="4.118652" intensity="1.288591e-01" type="0"/>
    <Peak1D F1="4.113380" intensity="1.215699e-01" type="0"/>
    <Peak1D F1="4.101892" intensity="1.180250e-01" type="0"/>
    <Peak1D F1="4.090877" intensity="9.115097e-02" type="0"/>
    <Peak1D F1="4.079344" intensity="8.341390e-02" type="0"/>
    <Peak1D F1="4.047242" intensity="1.151963e-01" type="0"/>
    <Peak1D F1="4.026367" intensity="3.751017e-02" type="0"/>
    <Peak1D F1="4.007300" intensity="9.444450e-02" type="0"/>
    <Peak1D F1="3.994510" intensity="2.378076e-02" type="0"/>
    <Peak1D F1="3.980659" intensity="2.159693e-02" type="0"/>
    <Peak1D F1="3.923738" intensity="2.251388e-01" type="0"/>
    <Peak1D F1="3.904691" intensity="1.403936e+01" type="0"/>
    <Peak1D F1="3.865189" intensity="1.438304e+01" type="0"/>
    <Peak1D F1="3.824221" intensity="8.780357e-02" type="0"/>
    <Peak1D F1="3.782563" intensity="1.500000e+01" type="0"/>
    <Peak1D F1="3.757475" intensity="1.612226e-01" type="0"/>
    <Peak1D F1="3.742388" intensity="7.126922e-02" type="0"/>
    <Peak1D F1="3.728995" intensity="1.586440e-01" type="0"/>
    <Peak1D F1="3.716061" intensity="4.374944e-01" type="0"/>
    <Peak1D F1="3.708205" intensity="5.652276e-01" type="0"/>
    <Peak1D F1="3.702471" intensity="5.487602e-01" type="0"/>
    <Peak1D F1="3.694763" intensity="8.075979e-01" type="0"/>
    <Peak1D F1="3.687042" intensity="5.714527e-01" type="0"/>
    <Peak1D F1="3.681312" intensity="5.950551e-01" type="0"/>
    <Peak1D F1="3.673628" intensity="4.583405e-01" type="0"/>
    <Peak1D F1="3.659946" intensity="2.417145e-01" type="0"/>
    <Peak1D F1="3.652386" intensity="4.469145e-01" type="0"/>
    <Peak1D F1="3.636532" intensity="1.322717e-01" type="0"/>
    <Peak1D F1="3.603002" intensity="3.027193e-02" type="0"/>
    <Peak1D F1="3.577708" intensity="1.844939e-02" type="0"/>
    <Peak1D F1="3.566641" intensity="1.422088e-02" type="0"/>
    <Peak1D F1="3.553269" intensity="1.402378e-02" type="0"/>
    <Peak1D F1="3.548215" intensity="1.159784e-02" type="0"/>
    <Peak1D F1="3.541291" intensity="1.353679e-02" type="0"/>
    <Peak1D F1="3.530840" intensity="1.184761e-02" type="0"/>
    <Peak1D F1="3.518979" intensity="1.203622e-02" type="0"/>
    <Peak1D F1="3.499216" intensity="1.077483e-02" type="0"/>
    <Peak1D F1="3.469905" intensity="2.304355e-02" type="0"/>
    <Peak1D F1="3.466669" intensity="2.587300e-02" type="0"/>
    <Peak1D F1="3.463410" intensity="2.358672e-02" type="0"/>
    <Peak1D F1="3.415568" intensity="1.260084e-01" type="0"/>
    <Peak1D F1="3.401699" intensity="3.046585e-01" type="0"/>
    <Peak1D F1="3.387529" intensity="5.021701e-01" type="0"/>
    <Peak1D F1="3.375357" intensity="7.481411e-01" type="0"/>
    <Peak1D F1="3.361306" intensity="8.773068e-01" type="0"/>
    <Peak1D F1="3.335716" intensity="1.587051e+00" type="0"/>
    <Peak1D F1="3.332501" intensity="2.287949e+00" type="0"/>
    <Peak1D F1="3.329304" intensity="3.005392e+00" type="0"/>
    <Peak1D F1="3.326226" intensity="2.334880e+00" type="0"/>
    <Peak1D F1="3.323031" intensity="1.529518e+00" type="0"/>
    <Peak1D F1="3.314398" intensity="9.608879e-01" type="0"/>
    <Peak1D F1="3.301539" intensity="8.323638e-01" type="0"/>
    <Peak1D F1="3.287354" intensity="8.557027e-01" type="0"/>
    <Peak1D F1="3.272344" intensity="5.545853e-01" type="0"/>
    <Peak1D F1="3.261827" intensity="3.921549e-01" type="0"/>
    <Peak1D F1="3.244663" intensity="2.110590e-01" type="0"/>
    <Peak1D F1="3.218378" intensity="7.711667e-01" type="0"/>
    <Peak1D F1="3.211455" intensity="7.718702e-01" type="0"/>
    <Peak1D F1="3.192231" intensity="8.663290e-01" type="0"/>
    <Peak1D F1="3.185323" intensity="8.309890e-01" type="0"/>
    <Peak1D F1="3.089617" intensity="4.414545e-03" type="0"/>
    <Peak1D F1="3.062961" intensity="3.567378e-03" type="0"/>
    <Peak1D F1="3.056444" intensity="3.064915e-03" type="0"/>
    <Peak1D F1="2.913075" intensity="1.485765e-03" type="0"/>
    <Peak1D F1="2.890800" intensity="2.519900e-03" type="0"/>
    <Peak1D F1="2.864932" intensity="1.768218e-03" type="0"/>
    <Peak1D F1="2.785939" intensity="8.946020e-01" type="0"/>
    <Peak1D F1="2.764055" intensity="1.038591e+00" type="0"/>
    <Peak1D F1="2.760106" intensity="1.000619e+00" type="0"/>
    <Peak1D F1="2.738181" intensity="7.749050e-01" type="0"/>
    <Peak1D F1="2.655272" intensity="6.031137e-03" type="0"/>
    <Peak1D F1="2.629105" intensity="6.633952e-03" type="0"/>
    <Peak1D F1="2.607426" intensity="5.807008e-03" type="0"/>
    <Peak1D F1="2.563582" intensity="4.728839e-03" type="0"/>
    <Peak1D F1="2.518377" intensity="8.748944e-03" type="0"/>
    <Peak1D F1="2.503901" intensity="1.069844e-02" type="0"/>
    <Peak1D F1="2.488201" intensity="1.147484e-02" type="0"/>
    <Peak1D F1="2.398432" intensity="2.511803e-02" type="0"/>
    <Peak1D F1="2.341805" intensity="3.375371e-02" type="0"/>
    <Peak1D F1="2.288679" intensity="1.813004e-01" type="0"/>
    <Peak1D F1="2.273830" intensity="3.277497e-01" type="0"/>
    <Peak1D F1="2.258904" intensity="1.964733e-01" type="0"/>
    <Peak1D F1="2.204837" intensity="1.782035e-02" type="0"/>
    <Peak1D F1="2.198054" intensity="1.863726e-02" type="0"/>
    <Peak1D F1="2.188299" intensity="2.073420e-02" type="0"/>
    <Peak1D F1="2.141955" intensity="3.407183e-02" type="0"/>
    <Peak1D F1="2.130260" intensity="3.160574e-02" type="0"/>
    <Peak1D F1="2.115087" intensity="3.582929e-02" type="0"/>
    <Peak1D F1="2.095100" intensity="3.972551e-02" type="0"/>
    <Peak1D F1="2.077024" intensity="2.417948e-01" type="0"/>
    <Peak1D F1="2.069974" intensity="3.614099e-01" type="0"/>
    <Peak1D F1="2.060574" intensity="6.343535e-01" type="0"/>
    <Peak1D F1="2.049698" intensity="9.904825e-02" type="0"/>
    <Peak1D F1="2.019972" intensity="2.885252e-01" type="0"/>
    <Peak1D F1="2.007444" intensity="7.544461e-01" type="0"/>
    <Peak1D F1="2.001763" intensity="7.133904e-01" type="0"/>
    <Peak1D F1="1.991483" intensity="1.236671e+00" type="0"/>
    <Peak1D F1="1.975398" intensity="1.266968e+00" type="0"/>
    <Peak1D F1="1.957291" intensity="1.098638e+00" type="0"/>
    <Peak1D F1="1.944739" intensity="1.505086e+00" type="0"/>
    <Peak1D F1="1.932313" intensity="1.446004e+00" type="0"/>
    <Peak1D F1="1.918591" intensity="8.662148e-01" type="0"/>
    <Peak1D F1="1.906189" intensity="2.954990e-01" type="0"/>
    <Peak1D F1="1.817504" intensity="4.143622e-02" type="0"/>
    <Peak1D F1="1.801984" intensity="4.052323e-02" type="0"/>
    <Peak1D F1="1.788867" intensity="3.777362e-02" type="0"/>
    <Peak1D F1="1.688403" intensity="5.696661e-02" type="0"/>
    <Peak1D F1="1.620706" intensity="1.213815e-01" type="0"/>
    <Peak1D F1="1.606581" intensity="1.607210e-01" type="0"/>
    <Peak1D F1="1.592282" intensity="1.274371e-01" type="0"/>
    <Peak1D F1="1.577573" intensity="7.881105e-02" type="0"/>
    <Peak1D F1="1.562815" intensity="6.590003e-02" type="0"/>
    <Peak1D F1="1.548280" intensity="4.846921e-02" type="0"/>
    <Peak1D F1="1.450690" intensity="2.894865e+00" type="0"/>
    <Peak1D F1="1.436145" intensity="5.861266e+00" type="0"/>
    <Peak1D F1="1.421598" intensity="2.831177e+00" type="0"/>
    <Peak1D F1="1.379765" intensity="1.093994e-01" type="0"/>
    <Peak1D F1="1.365897" intensity="1.317502e-01" type="0"/>
    <Peak1D F1="1.320993" intensity="6.493271e-01" type="0"/>
    <Peak1D F1="1.297620" intensity="4.695988e+00" type="0"/>
    <Peak1D F1="1.253434" intensity="5.522841e+00" type="0"/>
    <Peak1D F1="1.240173" intensity="5.460668e+00" type="0"/>
    <Peak1D F1="1.196794" intensity="1.120883e-01" type="0"/>
    <Peak1D F1="1.123453" intensity="1.162693e-01" type="0"/>
    <Peak1D F1="1.110203" intensity="1.152252e-01" type="0"/>
    <Peak1D F1="1.050954" intensity="8.217919e-02" type="0"/>
    <Peak1D F1="1.041155" intensity="7.749661e-02" type="0"/>
    <Peak1D F1="1.026365" intensity="7.068068e-02" type="0"/>
    <Peak1D F1="0.960109" intensity="4.124335e-02" type="0"/>
    <Peak1D F1="0.928537" intensity="2.312742e-01" type="0"/>
    <Peak1D F1="0.915050" intensity="5.203079e-01" type="0"/>
    <Peak1D F1="0.900865" intensity="2.502266e-01" type="0"/>
    <Peak1D F1="0.803324" intensity="4.686571e-03" type="0"/>
    <Peak1D F1="0.788700" intensity="5.216872e-03" type="0"/>
    <Peak1D F1="0.774324" intensity="3.437946e-03" type="0"/>
    <Peak1D F1="-1.057049" intensity="6.390693e-04" type="0"/>
    <Peak1D F1="-1.081330" intensity="7.775045e-04" type="0"/>
    <Peak1D F1="-1.113113" intensity="6.145067e-04" type="0"/>
    <Peak1D F1="-1.134435" intensity="7.875307e-04" type="0"/>
    <Peak1D F1="-1.223633" intensity="8.597721e-04" type="0"/>
    <Peak1D F1="-1.232370" intensity="8.383056e-04" type="0"/>
    <Peak1D F1="-1.272606" intensity="8.063929e-04" type="0"/>
    <Peak1D F1="-1.283480" intensity="7.243492e-04" type="0"/>
    <Peak1D F1="-1.321523" intensity="8.011418e-04" type="0"/>
    <Peak1D F1="-1.337624" intensity="9.364084e-04" type="0"/>
    <Peak1D F1="-1.377858" intensity="8.248077e-04" type="0"/>
    <Peak1D F1="-1.404073" intensity="9.085745e-04" type="0"/>
    <Peak1D F1="-1.446483" intensity="1.039873e-03" type="0"/>
    <Peak1D F1="-1.472138" intensity="9.197170e-04" type="0"/>
    <Peak1D F1="-1.556963" intensity="9.258192e-04" type="0"/>
    <Peak1D F1="-1.649961" intensity="1.106495e-03" type="0"/>
    <Peak1D F1="-1.667414" intensity="8.446826e-04" type="0"/>
    <Peak1D F1="-1.693391" intensity="8.570533e-04" type="0"/>
    <Peak1D F1="-1.743376" intensity="1.049467e-03" type="0"/>
    <Peak1D F1="-1.777511" intensity="9.830768e-04" type="0"/>
    <Peak1D F1="-1.825420" intensity="8.842998e-04" type="0"/>
    <Peak1D F1="-1.848745" intensity="8.229089e-04" type="0"/>
    <Peak1D F1="-1.873891" intensity="8.849809e-04" type="0"/>
    <Peak1D F1="-1.904001" intensity="8.241236e-04" type="0"/>
    <Peak1D F1="-1.918407" intensity="9.136809e-04" type="0"/>
    <Peak1D F1="-1.942493" intensity="7.575174e-04" type="0"/>
    <Peak1D F1="-1.979852" intensity="7.299977e-04" type="0"/>
    <Peak1D F1="-2.010681" intensity="6.845362e-04" type="0"/>
    <Peak1D F1="-2.067896" intensity="6.987957e-04" type="0"/>
  </PeakList1D>
</PeakList>
