<?xml version="1.0" encoding="UTF-8"?>
<PeakList>
  <PeakList1D>
    <PeakList1DHeader creator="nmr" date="2018-01-12T17:28:16.162+01:00" expNo="12" name="dj_mebeverin" owner="" procNo="1" source="/opt/topspin3.5pl5/data/jeannerat/data/nmr/nmr">
      <PeakPickDetails>F1=218.326508ppm, F2=-18.334021ppm, MI=0.00cm, MAXI=10000.00cm, PC=1.400
      </PeakPickDetails>
    </PeakList1DHeader>
    <Peak1D F1="159.049179" intensity="1.716722e-01" type="0"/>
    <Peak1D F1="153.599762" intensity="8.474413e-02" type="0"/>
    <Peak1D F1="148.858688" intensity="9.790939e-02" type="0"/>
    <Peak1D F1="130.311218" intensity="7.962176e-02" type="0"/>
    <Peak1D F1="130.062302" intensity="1.500000e+01" type="0"/>
    <Peak1D F1="129.812210" intensity="9.286715e-02" type="0"/>
    <Peak1D F1="127.717346" intensity="1.803276e-01" type="0"/>
    <Peak1D F1="123.510719" intensity="6.679001e+00" type="0"/>
    <Peak1D F1="114.213585" intensity="6.281770e-02" type="0"/>
    <Peak1D F1="113.959152" intensity="1.481904e+01" type="0"/>
    <Peak1D F1="113.662666" intensity="6.735112e-02" type="0"/>
    <Peak1D F1="112.006569" intensity="6.178965e+00" type="0"/>
    <Peak1D F1="110.578850" intensity="7.709554e+00" type="0"/>
    <Peak1D F1="70.162346" intensity="-3.222225e-01" type="0"/>
    <Peak1D F1="69.268982" intensity="1.020733e-01" type="0"/>
    <Peak1D F1="64.848450" intensity="-6.816808e-02" type="0"/>
    <Peak1D F1="63.454773" intensity="-8.901507e+00" type="0"/>
    <Peak1D F1="62.026279" intensity="-2.438918e-01" type="0"/>
    <Peak1D F1="60.600567" intensity="-8.522593e-02" type="0"/>
    <Peak1D F1="60.488155" intensity="-1.227765e-01" type="0"/>
    <Peak1D F1="60.379509" intensity="5.328079e+00" type="0"/>
    <Peak1D F1="55.142521" intensity="6.822389e+00" type="0"/>
    <Peak1D F1="55.113476" intensity="7.300064e+00" type="0"/>
    <Peak1D F1="54.325863" intensity="5.751358e+00" type="0"/>
    <Peak1D F1="51.218792" intensity="6.782339e-02" type="0"/>
    <Peak1D F1="49.910622" intensity="-2.085928e+00" type="0"/>
    <Peak1D F1="48.251015" intensity="1.553572e-01" type="0"/>
    <Peak1D F1="48.078976" intensity="3.642253e-01" type="0"/>
    <Peak1D F1="47.975807" intensity="-7.920969e-02" type="0"/>
    <Peak1D F1="47.907745" intensity="4.682418e-01" type="0"/>
    <Peak1D F1="47.805504" intensity="-1.811733e-01" type="0"/>
    <Peak1D F1="47.787262" intensity="2.132535e-01" type="0"/>
    <Peak1D F1="47.738483" intensity="3.380619e-01" type="0"/>
    <Peak1D F1="47.633633" intensity="-2.740067e-01" type="0"/>
    <Peak1D F1="47.615368" intensity="2.993816e-01" type="0"/>
    <Peak1D F1="47.566841" intensity="2.050384e-01" type="0"/>
    <Peak1D F1="47.445728" intensity="2.748132e-01" type="0"/>
    <Peak1D F1="47.292408" intensity="-1.004194e-01" type="0"/>
    <Peak1D F1="47.273930" intensity="1.727000e-01" type="0"/>
    <Peak1D F1="47.015434" intensity="6.808744e-02" type="0"/>
    <Peak1D F1="46.158943" intensity="-1.687036e+00" type="0"/>
    <Peak1D F1="41.410248" intensity="8.066341e-02" type="0"/>
    <Peak1D F1="35.568207" intensity="-5.859190e+00" type="0"/>
    <Peak1D F1="31.680914" intensity="-2.836358e-01" type="0"/>
    <Peak1D F1="29.381540" intensity="-1.458588e+00" type="0"/>
    <Peak1D F1="29.329065" intensity="-5.294108e-01" type="0"/>
    <Peak1D F1="29.239578" intensity="-4.413173e-01" type="0"/>
    <Peak1D F1="29.077314" intensity="-7.376342e-01" type="0"/>
    <Peak1D F1="28.936213" intensity="-3.491499e-01" type="0"/>
    <Peak1D F1="25.924694" intensity="-1.007902e-01" type="0"/>
    <Peak1D F1="25.784578" intensity="-7.457674e+00" type="0"/>
    <Peak1D F1="24.938637" intensity="-2.154602e-01" type="0"/>
    <Peak1D F1="22.346464" intensity="-3.512559e-01" type="0"/>
    <Peak1D F1="21.984404" intensity="-4.950452e+00" type="0"/>
    <Peak1D F1="19.140522" intensity="7.545620e-02" type="0"/>
    <Peak1D F1="13.068848" intensity="1.746373e-01" type="0"/>
    <Peak1D F1="11.796833" intensity="3.450441e+00" type="0"/>
    <Peak1D F1="11.729251" intensity="-7.887272e-02" type="0"/>
    <Peak1D F1="9.525404" intensity="3.528733e+00" type="0"/>
    <Peak1D F1="9.482155" intensity="-7.980412e-02" type="0"/>
  </PeakList1D>
</PeakList>
