<?xml version="1.0" encoding="UTF-8"?>
<PeakList>
  <PeakList1D>
    <PeakList1DHeader creator="nmr" date="2018-03-15T13:43:17.435+01:00" expNo="20" name="dj_dihydronaphthalene" owner="" procNo="1" source="/opt/topspin3.5pl5/data/jeannerat/data/nmr/nmr">
      <PeakPickDetails>F1=262.057312ppm, F2=-62.064716ppm, MI=0.00cm, MAXI=10000.00cm, PC=1.400
      </PeakPickDetails>
    </PeakList1DHeader>
    <Peak1D F1="256.638885" intensity="3.704182e-01" type="0"/>
    <Peak1D F1="135.499161" intensity="1.951504e+00" type="0"/>
    <Peak1D F1="134.166779" intensity="1.088843e+00" type="0"/>
    <Peak1D F1="128.694336" intensity="9.663335e+00" type="0"/>
    <Peak1D F1="127.825188" intensity="5.759652e+00" type="0"/>
    <Peak1D F1="127.558228" intensity="6.739253e+00" type="0"/>
    <Peak1D F1="126.883812" intensity="1.083864e+01" type="0"/>
    <Peak1D F1="126.474670" intensity="7.616267e+00" type="0"/>
    <Peak1D F1="125.922836" intensity="7.600698e+00" type="0"/>
    <Peak1D F1="77.334808" intensity="2.646545e+00" type="0"/>
    <Peak1D F1="77.080063" intensity="3.409730e+00" type="0"/>
    <Peak1D F1="76.824898" intensity="3.547339e+00" type="0"/>
    <Peak1D F1="32.331551" intensity="3.960778e-01" type="0"/>
    <Peak1D F1="27.524456" intensity="1.367564e+01" type="0"/>
    <Peak1D F1="23.221361" intensity="1.500000e+01" type="0"/>
  </PeakList1D>
</PeakList>
