<?xml version="1.0" encoding="UTF-8"?>
<PeakList>
  <PeakList1D>
    <PeakList1DHeader creator="nmr" date="2014-08-13T21:02:43.946+02:00" expNo="10" name="djhap_perylene" owner="" procNo="1" source="/opt/topspin/data/jeannerat">
      <PeakPickDetails>F1=15.187ppm, F2=-2.837ppm, MI=0.00cm, MAXI=10000.00cm, PC=1.000
      </PeakPickDetails>
    </PeakList1DHeader>
    <Peak1D F1="9.2717" intensity="0.02" type="0"/>
    <Peak1D F1="9.2700" intensity="0.02" type="0"/>
    <Peak1D F1="9.2562" intensity="0.02" type="0"/>
    <Peak1D F1="9.2546" intensity="0.02" type="0"/>
    <Peak1D F1="9.2098" intensity="0.00" type="0"/>
    <Peak1D F1="9.1931" intensity="0.00" type="0"/>
    <Peak1D F1="9.1602" intensity="0.00" type="0"/>
    <Peak1D F1="9.1433" intensity="0.00" type="0"/>
    <Peak1D F1="9.0386" intensity="0.00" type="0"/>
    <Peak1D F1="9.0298" intensity="0.00" type="0"/>
    <Peak1D F1="9.0098" intensity="0.00" type="0"/>
    <Peak1D F1="8.9967" intensity="0.00" type="0"/>
    <Peak1D F1="8.8594" intensity="0.00" type="0"/>
    <Peak1D F1="8.7901" intensity="0.00" type="0"/>
    <Peak1D F1="8.7732" intensity="0.00" type="0"/>
    <Peak1D F1="8.7053" intensity="0.00" type="0"/>
    <Peak1D F1="8.6723" intensity="0.00" type="0"/>
    <Peak1D F1="8.6477" intensity="0.00" type="0"/>
    <Peak1D F1="8.5876" intensity="0.00" type="0"/>
    <Peak1D F1="8.5692" intensity="0.00" type="0"/>
    <Peak1D F1="8.5612" intensity="0.00" type="0"/>
    <Peak1D F1="8.5442" intensity="0.00" type="0"/>
    <Peak1D F1="8.5240" intensity="0.00" type="0"/>
    <Peak1D F1="8.5161" intensity="0.00" type="0"/>
    <Peak1D F1="8.4986" intensity="0.00" type="0"/>
    <Peak1D F1="8.4776" intensity="0.00" type="0"/>
    <Peak1D F1="8.4101" intensity="0.04" type="0"/>
    <Peak1D F1="8.3951" intensity="0.04" type="0"/>
    <Peak1D F1="8.3542" intensity="0.01" type="0"/>
    <Peak1D F1="8.3390" intensity="0.01" type="0"/>
    <Peak1D F1="8.3222" intensity="0.04" type="0"/>
    <Peak1D F1="8.3081" intensity="0.05" type="0"/>
    <Peak1D F1="8.2955" intensity="0.02" type="0"/>
    <Peak1D F1="8.2771" intensity="0.08" type="0"/>
    <Peak1D F1="8.2551" intensity="7.00" type="0"/>
    <Peak1D F1="8.2392" intensity="7.26" type="0"/>
    <Peak1D F1="8.2114" intensity="0.05" type="0"/>
    <Peak1D F1="8.2021" intensity="0.01" type="0"/>
    <Peak1D F1="8.1953" intensity="0.01" type="0"/>
    <Peak1D F1="8.1881" intensity="0.04" type="0"/>
    <Peak1D F1="8.1867" intensity="0.04" type="0"/>
    <Peak1D F1="8.1796" intensity="0.01" type="0"/>
    <Peak1D F1="8.1713" intensity="0.04" type="0"/>
    <Peak1D F1="8.1587" intensity="0.01" type="0"/>
    <Peak1D F1="8.1526" intensity="0.06" type="0"/>
    <Peak1D F1="8.1437" intensity="0.00" type="0"/>
    <Peak1D F1="8.1364" intensity="0.06" type="0"/>
    <Peak1D F1="8.0968" intensity="0.04" type="0"/>
    <Peak1D F1="8.0818" intensity="0.04" type="0"/>
    <Peak1D F1="8.0550" intensity="0.00" type="0"/>
    <Peak1D F1="8.0402" intensity="0.00" type="0"/>
    <Peak1D F1="8.0028" intensity="0.00" type="0"/>
    <Peak1D F1="7.9760" intensity="0.00" type="0"/>
    <Peak1D F1="7.9617" intensity="0.00" type="0"/>
    <Peak1D F1="7.9261" intensity="0.00" type="0"/>
    <Peak1D F1="7.9018" intensity="0.04" type="0"/>
    <Peak1D F1="7.8858" intensity="0.04" type="0"/>
    <Peak1D F1="7.8642" intensity="0.01" type="0"/>
    <Peak1D F1="7.8475" intensity="0.01" type="0"/>
    <Peak1D F1="7.8395" intensity="0.03" type="0"/>
    <Peak1D F1="7.8324" intensity="0.03" type="0"/>
    <Peak1D F1="7.8234" intensity="0.03" type="0"/>
    <Peak1D F1="7.8161" intensity="0.03" type="0"/>
    <Peak1D F1="7.7975" intensity="0.01" type="0"/>
    <Peak1D F1="7.7844" intensity="0.02" type="0"/>
    <Peak1D F1="7.7729" intensity="0.08" type="0"/>
    <Peak1D F1="7.7560" intensity="0.18" type="0"/>
    <Peak1D F1="7.7434" intensity="6.56" type="0"/>
    <Peak1D F1="7.7277" intensity="7.82" type="0"/>
    <Peak1D F1="7.7072" intensity="0.08" type="0"/>
    <Peak1D F1="7.6926" intensity="0.06" type="0"/>
    <Peak1D F1="7.6831" intensity="0.01" type="0"/>
    <Peak1D F1="7.6763" intensity="0.03" type="0"/>
    <Peak1D F1="7.6726" intensity="0.05" type="0"/>
    <Peak1D F1="7.6598" intensity="0.04" type="0"/>
    <Peak1D F1="7.6574" intensity="0.05" type="0"/>
    <Peak1D F1="7.6560" intensity="0.05" type="0"/>
    <Peak1D F1="7.6498" intensity="0.01" type="0"/>
    <Peak1D F1="7.6421" intensity="0.05" type="0"/>
    <Peak1D F1="7.6360" intensity="0.08" type="0"/>
    <Peak1D F1="7.6273" intensity="0.02" type="0"/>
    <Peak1D F1="7.6198" intensity="0.07" type="0"/>
    <Peak1D F1="7.6114" intensity="0.05" type="0"/>
    <Peak1D F1="7.6091" intensity="0.03" type="0"/>
    <Peak1D F1="7.6034" intensity="0.04" type="0"/>
    <Peak1D F1="7.5929" intensity="0.09" type="0"/>
    <Peak1D F1="7.5879" intensity="0.05" type="0"/>
    <Peak1D F1="7.5842" intensity="0.04" type="0"/>
    <Peak1D F1="7.5815" intensity="0.04" type="0"/>
    <Peak1D F1="7.5755" intensity="0.06" type="0"/>
    <Peak1D F1="7.5716" intensity="0.07" type="0"/>
    <Peak1D F1="7.5653" intensity="0.09" type="0"/>
    <Peak1D F1="7.5507" intensity="6.48" type="0"/>
    <Peak1D F1="7.5354" intensity="8.98" type="0"/>
    <Peak1D F1="7.5276" intensity="0.37" type="0"/>
    <Peak1D F1="7.5196" intensity="5.29" type="0"/>
    <Peak1D F1="7.5124" intensity="0.12" type="0"/>
    <Peak1D F1="7.4982" intensity="0.02" type="0"/>
    <Peak1D F1="7.4909" intensity="0.01" type="0"/>
    <Peak1D F1="7.4810" intensity="0.01" type="0"/>
    <Peak1D F1="7.4763" intensity="0.01" type="0"/>
    <Peak1D F1="7.4538" intensity="0.00" type="0"/>
    <Peak1D F1="7.4392" intensity="0.00" type="0"/>
    <Peak1D F1="7.4202" intensity="0.04" type="0"/>
    <Peak1D F1="7.4150" intensity="0.01" type="0"/>
    <Peak1D F1="7.4128" intensity="0.00" type="0"/>
    <Peak1D F1="7.4058" intensity="0.00" type="0"/>
    <Peak1D F1="7.3957" intensity="0.00" type="0"/>
    <Peak1D F1="7.3891" intensity="0.03" type="0"/>
    <Peak1D F1="7.3736" intensity="0.05" type="0"/>
    <Peak1D F1="7.3658" intensity="0.01" type="0"/>
    <Peak1D F1="7.3622" intensity="0.01" type="0"/>
    <Peak1D F1="7.3576" intensity="0.04" type="0"/>
    <Peak1D F1="7.3545" intensity="0.01" type="0"/>
    <Peak1D F1="7.3509" intensity="0.01" type="0"/>
    <Peak1D F1="7.3468" intensity="0.01" type="0"/>
    <Peak1D F1="7.3439" intensity="0.02" type="0"/>
    <Peak1D F1="7.3161" intensity="18.39" type="0"/>
    <Peak1D F1="7.2976" intensity="0.03" type="0"/>
    <Peak1D F1="7.2867" intensity="0.01" type="0"/>
    <Peak1D F1="7.2790" intensity="0.01" type="0"/>
    <Peak1D F1="7.2770" intensity="0.01" type="0"/>
    <Peak1D F1="7.2730" intensity="0.01" type="0"/>
    <Peak1D F1="7.2719" intensity="0.01" type="0"/>
    <Peak1D F1="7.2673" intensity="0.00" type="0"/>
    <Peak1D F1="7.2624" intensity="0.00" type="0"/>
    <Peak1D F1="7.2565" intensity="0.00" type="0"/>
    <Peak1D F1="7.2500" intensity="0.00" type="0"/>
    <Peak1D F1="7.2396" intensity="0.00" type="0"/>
    <Peak1D F1="7.2220" intensity="0.00" type="0"/>
    <Peak1D F1="7.2196" intensity="0.00" type="0"/>
    <Peak1D F1="7.1985" intensity="0.01" type="0"/>
    <Peak1D F1="7.1909" intensity="0.01" type="0"/>
    <Peak1D F1="7.1797" intensity="0.02" type="0"/>
    <Peak1D F1="7.1730" intensity="0.01" type="0"/>
    <Peak1D F1="7.1689" intensity="0.01" type="0"/>
    <Peak1D F1="7.1617" intensity="0.03" type="0"/>
    <Peak1D F1="7.1561" intensity="0.01" type="0"/>
    <Peak1D F1="7.1536" intensity="0.01" type="0"/>
    <Peak1D F1="7.1508" intensity="0.02" type="0"/>
    <Peak1D F1="7.1437" intensity="0.01" type="0"/>
    <Peak1D F1="7.1045" intensity="0.10" type="0"/>
    <Peak1D F1="6.8710" intensity="0.01" type="0"/>
    <Peak1D F1="6.8513" intensity="0.01" type="0"/>
    <Peak1D F1="5.9750" intensity="0.00" type="0"/>
    <Peak1D F1="5.9628" intensity="0.01" type="0"/>
    <Peak1D F1="5.9508" intensity="0.01" type="0"/>
    <Peak1D F1="5.9385" intensity="0.00" type="0"/>
    <Peak1D F1="5.7370" intensity="0.00" type="0"/>
    <Peak1D F1="5.3558" intensity="0.00" type="0"/>
    <Peak1D F1="4.9236" intensity="0.00" type="0"/>
    <Peak1D F1="4.9150" intensity="0.00" type="0"/>
    <Peak1D F1="4.4973" intensity="0.00" type="0"/>
    <Peak1D F1="4.0121" intensity="0.01" type="0"/>
    <Peak1D F1="3.5964" intensity="0.00" type="0"/>
    <Peak1D F1="3.5482" intensity="0.02" type="0"/>
    <Peak1D F1="3.0751" intensity="0.02" type="0"/>
    <Peak1D F1="2.7158" intensity="0.00" type="0"/>
    <Peak1D F1="2.4462" intensity="0.00" type="0"/>
    <Peak1D F1="2.4251" intensity="0.00" type="0"/>
    <Peak1D F1="2.4107" intensity="0.01" type="0"/>
    <Peak1D F1="2.3950" intensity="0.01" type="0"/>
    <Peak1D F1="2.3217" intensity="0.27" type="0"/>
    <Peak1D F1="2.2537" intensity="0.01" type="0"/>
    <Peak1D F1="2.2283" intensity="0.02" type="0"/>
    <Peak1D F1="2.1573" intensity="0.00" type="0"/>
    <Peak1D F1="2.1262" intensity="0.02" type="0"/>
    <Peak1D F1="2.1141" intensity="0.02" type="0"/>
    <Peak1D F1="2.1025" intensity="0.00" type="0"/>
    <Peak1D F1="2.0931" intensity="0.03" type="0"/>
    <Peak1D F1="2.0617" intensity="0.00" type="0"/>
    <Peak1D F1="1.7929" intensity="0.00" type="0"/>
    <Peak1D F1="1.7625" intensity="0.00" type="0"/>
    <Peak1D F1="1.7045" intensity="0.01" type="0"/>
    <Peak1D F1="1.6841" intensity="0.01" type="0"/>
    <Peak1D F1="1.6674" intensity="0.01" type="0"/>
    <Peak1D F1="1.6557" intensity="0.02" type="0"/>
    <Peak1D F1="1.6462" intensity="0.03" type="0"/>
    <Peak1D F1="1.6054" intensity="15.00" type="0"/>
    <Peak1D F1="1.5685" intensity="0.06" type="0"/>
    <Peak1D F1="1.5622" intensity="0.04" type="0"/>
    <Peak1D F1="1.4871" intensity="0.01" type="0"/>
    <Peak1D F1="1.4756" intensity="0.01" type="0"/>
    <Peak1D F1="1.4615" intensity="0.01" type="0"/>
    <Peak1D F1="1.4287" intensity="0.01" type="0"/>
    <Peak1D F1="1.3581" intensity="0.03" type="0"/>
    <Peak1D F1="1.3108" intensity="0.84" type="0"/>
    <Peak1D F1="1.2406" intensity="0.01" type="0"/>
    <Peak1D F1="1.1895" intensity="0.01" type="0"/>
    <Peak1D F1="1.1642" intensity="0.01" type="0"/>
    <Peak1D F1="1.1015" intensity="0.00" type="0"/>
    <Peak1D F1="1.0790" intensity="0.00" type="0"/>
    <Peak1D F1="1.0662" intensity="0.00" type="0"/>
    <Peak1D F1="1.0063" intensity="0.00" type="0"/>
    <Peak1D F1="0.9959" intensity="0.00" type="0"/>
    <Peak1D F1="0.9810" intensity="0.00" type="0"/>
    <Peak1D F1="0.9515" intensity="0.04" type="0"/>
    <Peak1D F1="0.9378" intensity="0.08" type="0"/>
    <Peak1D F1="0.9238" intensity="0.04" type="0"/>
    <Peak1D F1="0.9122" intensity="0.02" type="0"/>
    <Peak1D F1="0.8962" intensity="0.02" type="0"/>
    <Peak1D F1="0.8853" intensity="0.02" type="0"/>
    <Peak1D F1="0.8669" intensity="0.01" type="0"/>
    <Peak1D F1="0.8291" intensity="0.00" type="0"/>
    <Peak1D F1="0.8055" intensity="0.00" type="0"/>
    <Peak1D F1="0.7855" intensity="0.00" type="0"/>
    <Peak1D F1="0.7709" intensity="0.00" type="0"/>
    <Peak1D F1="0.7599" intensity="0.00" type="0"/>
    <Peak1D F1="0.1459" intensity="0.00" type="0"/>
    <Peak1D F1="0.1283" intensity="0.03" type="0"/>
    <Peak1D F1="-2.5361" intensity="0.00" type="0"/>
  </PeakList1D>
</PeakList>
