<?xml version="1.0" encoding="UTF-8"?>
<PeakList>
  <PeakList1D>
    <PeakList1DHeader creator="nmr" date="2014-08-13T22:45:01.954+02:00" expNo="12" name="djhap_perylene" owner="" procNo="1" source="/opt/topspin/data/jeannerat">
      <PeakPickDetails>F1=218.327ppm, F2=-18.334ppm, MI=0.00cm, MAXI=10000.00cm, PC=1.400
      </PeakPickDetails>
    </PeakList1DHeader>
    <Peak1D F1="128.8467" intensity="0.09" type="0"/>
    <Peak1D F1="127.8967" intensity="10.91" type="0"/>
    <Peak1D F1="127.5608" intensity="0.10" type="0"/>
    <Peak1D F1="126.5925" intensity="13.08" type="0"/>
    <Peak1D F1="121.0237" intensity="0.09" type="0"/>
    <Peak1D F1="120.5284" intensity="0.15" type="0"/>
    <Peak1D F1="120.2579" intensity="15.00" type="0"/>
    <Peak1D F1="120.1218" intensity="0.11" type="0"/>
    <Peak1D F1="77.3165" intensity="-0.43" type="0"/>
    <Peak1D F1="77.2520" intensity="0.89" type="0"/>
    <Peak1D F1="77.0605" intensity="-0.40" type="0"/>
    <Peak1D F1="77.0338" intensity="0.24" type="0"/>
    <Peak1D F1="76.8038" intensity="-0.36" type="0"/>
    <Peak1D F1="29.7407" intensity="-0.19" type="0"/>
  </PeakList1D>
</PeakList>
