<?xml version="1.0" encoding="UTF-8"?>
<PeakList>
  <PeakList1D>
    <PeakList1DHeader creator="nmr" date="2017-10-25T07:02:10.271+02:00" expNo="10" name="MP-glucose-oct17" owner="" procNo="1" source="/opt/topspin3.5pl5/data/marion/data/nmr/nmr">
      <PeakPickDetails>F1=5.300008ppm, F2=2.999992ppm, MI=0.00cm, MAXI=10000.00cm, PC=1.000
      </PeakPickDetails>
    </PeakList1DHeader>
    <Peak1D F1="5.275007" intensity="4.365391e-02" type="0"/>
    <Peak1D F1="5.116069" intensity="7.824718e+00" type="0"/>
    <Peak1D F1="5.108534" intensity="7.900183e+00" type="0"/>
    <Peak1D F1="4.943578" intensity="4.178224e-02" type="0"/>
    <Peak1D F1="4.936321" intensity="4.564357e-02" type="0"/>
    <Peak1D F1="4.900972" intensity="3.881920e-02" type="0"/>
    <Peak1D F1="4.697058" intensity="1.584410e+02" type="0"/>
    <Peak1D F1="4.560352" intensity="1.540768e-01" type="0"/>
    <Peak1D F1="4.534339" intensity="1.456503e+01" type="0"/>
    <Peak1D F1="4.518432" intensity="1.500000e+01" type="0"/>
    <Peak1D F1="4.370258" intensity="7.357982e-02" type="0"/>
    <Peak1D F1="4.354159" intensity="7.158964e-02" type="0"/>
    <Peak1D F1="4.055536" intensity="2.495800e-02" type="0"/>
    <Peak1D F1="4.048204" intensity="3.303700e-02" type="0"/>
    <Peak1D F1="3.997844" intensity="4.768746e-02" type="0"/>
    <Peak1D F1="3.930898" intensity="3.420610e-02" type="0"/>
    <Peak1D F1="3.907204" intensity="2.479861e-02" type="0"/>
    <Peak1D F1="3.793324" intensity="5.959094e+00" type="0"/>
    <Peak1D F1="3.789189" intensity="6.467013e+00" type="0"/>
    <Peak1D F1="3.768619" intensity="7.935086e+00" type="0"/>
    <Peak1D F1="3.764613" intensity="8.168283e+00" type="0"/>
    <Peak1D F1="3.737477" intensity="2.660884e+00" type="0"/>
    <Peak1D F1="3.733344" intensity="4.789798e+00" type="0"/>
    <Peak1D F1="3.723043" intensity="2.859922e+00" type="0"/>
    <Peak1D F1="3.718403" intensity="2.307428e+00" type="0"/>
    <Peak1D F1="3.711303" intensity="9.964785e+00" type="0"/>
    <Peak1D F1="3.702967" intensity="3.008533e+00" type="0"/>
    <Peak1D F1="3.698573" intensity="2.623209e+00" type="0"/>
    <Peak1D F1="3.660704" intensity="3.531840e+00" type="0"/>
    <Peak1D F1="3.649585" intensity="4.410213e+00" type="0"/>
    <Peak1D F1="3.635816" intensity="3.351292e+00" type="0"/>
    <Peak1D F1="3.628164" intensity="1.058083e+00" type="0"/>
    <Peak1D F1="3.619893" intensity="7.484937e+00" type="0"/>
    <Peak1D F1="3.612699" intensity="4.338529e+00" type="0"/>
    <Peak1D F1="3.608360" intensity="8.101088e+00" type="0"/>
    <Peak1D F1="3.594251" intensity="1.175475e+01" type="0"/>
    <Peak1D F1="3.583734" intensity="6.185545e+00" type="0"/>
    <Peak1D F1="3.574840" intensity="5.292732e+00" type="0"/>
    <Peak1D F1="3.539780" intensity="4.736009e-02" type="0"/>
    <Peak1D F1="3.526302" intensity="3.574687e-02" type="0"/>
    <Peak1D F1="3.507100" intensity="5.929392e-02" type="0"/>
    <Peak1D F1="3.488845" intensity="2.999806e-02" type="0"/>
    <Peak1D F1="3.449262" intensity="3.139833e-02" type="0"/>
    <Peak1D F1="3.427571" intensity="5.288099e+00" type="0"/>
    <Peak1D F1="3.426708" intensity="4.930254e+00" type="0"/>
    <Peak1D F1="3.419997" intensity="5.128115e+00" type="0"/>
    <Peak1D F1="3.419161" intensity="4.792392e+00" type="0"/>
    <Peak1D F1="3.407908" intensity="4.244777e+00" type="0"/>
    <Peak1D F1="3.407052" intensity="3.940763e+00" type="0"/>
    <Peak1D F1="3.400343" intensity="4.201752e+00" type="0"/>
    <Peak1D F1="3.399488" intensity="3.885914e+00" type="0"/>
    <Peak1D F1="3.386701" intensity="5.400402e+00" type="0"/>
    <Peak1D F1="3.367992" intensity="1.368009e+01" type="0"/>
    <Peak1D F1="3.361280" intensity="3.388391e+00" type="0"/>
    <Peak1D F1="3.349998" intensity="1.199048e+01" type="0"/>
    <Peak1D F1="3.341850" intensity="5.462629e+00" type="0"/>
    <Peak1D F1="3.334569" intensity="4.889046e+00" type="0"/>
    <Peak1D F1="3.330198" intensity="4.578359e+00" type="0"/>
    <Peak1D F1="3.308841" intensity="3.698892e+00" type="0"/>
    <Peak1D F1="3.298694" intensity="1.104000e+01" type="0"/>
    <Peak1D F1="3.289542" intensity="6.740098e+00" type="0"/>
    <Peak1D F1="3.279606" intensity="1.066674e+01" type="0"/>
    <Peak1D F1="3.271067" intensity="3.579808e+00" type="0"/>
    <Peak1D F1="3.261189" intensity="4.175738e+00" type="0"/>
    <Peak1D F1="3.221248" intensity="7.318494e-02" type="0"/>
    <Peak1D F1="3.203567" intensity="3.787882e-02" type="0"/>
    <Peak1D F1="3.141237" intensity="7.929482e+00" type="0"/>
    <Peak1D F1="3.140451" intensity="7.537149e+00" type="0"/>
    <Peak1D F1="3.125293" intensity="8.577806e+00" type="0"/>
    <Peak1D F1="3.124368" intensity="8.787401e+00" type="0"/>
    <Peak1D F1="3.122894" intensity="9.994192e+00" type="0"/>
    <Peak1D F1="3.106706" intensity="6.753799e+00" type="0"/>
  </PeakList1D>
</PeakList>
