<?xml version="1.0" encoding="UTF-8"?>
<PeakList>
  <PeakList1D>
    <PeakList1DHeader creator="nmr" date="2017-10-25T07:19:32.177+02:00" expNo="11" name="MP-glucose-oct17" owner="" procNo="1" source="/opt/topspin3.5pl5/data/marion/data/nmr/nmr">
      <PeakPickDetails>F1=262.057312ppm, F2=-62.064716ppm, MI=0.00cm, MAXI=10000.00cm, PC=1.400
      </PeakPickDetails>
    </PeakList1DHeader>
    <Peak1D F1="237.145340" intensity="8.079494e-01" type="0"/>
    <Peak1D F1="95.816360" intensity="9.072596e+00" type="0"/>
    <Peak1D F1="92.004280" intensity="5.910886e+00" type="0"/>
    <Peak1D F1="75.856903" intensity="9.287700e+00" type="0"/>
    <Peak1D F1="75.664780" intensity="1.398808e+01" type="0"/>
    <Peak1D F1="74.039070" intensity="9.317663e+00" type="0"/>
    <Peak1D F1="72.668777" intensity="7.512585e+00" type="0"/>
    <Peak1D F1="71.388016" intensity="3.944259e+00" type="0"/>
    <Peak1D F1="71.341843" intensity="8.756201e+00" type="0"/>
    <Peak1D F1="69.547417" intensity="2.815032e+00" type="0"/>
    <Peak1D F1="69.502403" intensity="1.500000e+01" type="0"/>
    <Peak1D F1="60.651207" intensity="1.142482e+01" type="0"/>
    <Peak1D F1="60.485409" intensity="7.085237e+00" type="0"/>
    <Peak1D F1="1.712392" intensity="7.404340e-01" type="0"/>
  </PeakList1D>
</PeakList>
