<?xml version="1.0" encoding="UTF-8"?>
<PeakList>
  <PeakList1D>
    <PeakList1DHeader creator="nmr" date="2017-09-05T16:58:51.113+02:00" expNo="20" name="MP_ice_tea_lemon" owner="" procNo="1" source="/opt/topspin3.5pl5/data/marion/data/nmr/nmr">
      <PeakPickDetails>F1=7.687420ppm, F2=1.686579ppm, MI=0.00cm, MAXI=10000.00cm, PC=1.000
      </PeakPickDetails>
    </PeakList1DHeader>
    <Peak1D F1="7.609069" intensity="7.579544e-04" type="0"/>
    <Peak1D F1="7.010304" intensity="6.361749e-03" type="0"/>
    <Peak1D F1="7.005805" intensity="1.679200e-02" type="0"/>
    <Peak1D F1="6.900953" intensity="1.732526e-03" type="0"/>
    <Peak1D F1="6.879657" intensity="1.196102e-03" type="0"/>
    <Peak1D F1="6.871767" intensity="1.391139e-03" type="0"/>
    <Peak1D F1="6.828302" intensity="2.744649e-03" type="0"/>
    <Peak1D F1="6.800590" intensity="2.376772e-03" type="0"/>
    <Peak1D F1="6.784092" intensity="4.306445e-03" type="0"/>
    <Peak1D F1="6.760917" intensity="1.490477e-03" type="0"/>
    <Peak1D F1="6.746920" intensity="1.549024e-03" type="0"/>
    <Peak1D F1="6.732264" intensity="1.503479e-03" type="0"/>
    <Peak1D F1="6.700358" intensity="1.129543e-03" type="0"/>
    <Peak1D F1="6.645801" intensity="1.573977e-03" type="0"/>
    <Peak1D F1="6.633741" intensity="8.767311e-04" type="0"/>
    <Peak1D F1="6.593614" intensity="8.776695e-04" type="0"/>
    <Peak1D F1="6.585464" intensity="9.594502e-04" type="0"/>
    <Peak1D F1="6.539985" intensity="7.877005e-04" type="0"/>
    <Peak1D F1="6.491797" intensity="1.183373e-03" type="0"/>
    <Peak1D F1="6.455893" intensity="2.153340e-03" type="0"/>
    <Peak1D F1="6.404848" intensity="8.247223e-04" type="0"/>
    <Peak1D F1="6.365876" intensity="1.131688e-03" type="0"/>
    <Peak1D F1="6.342273" intensity="8.781107e-04" type="0"/>
    <Peak1D F1="6.292848" intensity="7.552733e-04" type="0"/>
    <Peak1D F1="6.281883" intensity="6.487949e-04" type="0"/>
    <Peak1D F1="6.255168" intensity="6.693276e-04" type="0"/>
    <Peak1D F1="6.188509" intensity="9.764038e-04" type="0"/>
    <Peak1D F1="6.133819" intensity="6.254639e-04" type="0"/>
    <Peak1D F1="5.965770" intensity="6.482616e-04" type="0"/>
    <Peak1D F1="5.425320" intensity="1.607271e-02" type="0"/>
    <Peak1D F1="5.417620" intensity="1.566787e-02" type="0"/>
    <Peak1D F1="5.346835" intensity="2.133499e-03" type="0"/>
    <Peak1D F1="5.338958" intensity="1.907782e-03" type="0"/>
    <Peak1D F1="5.302808" intensity="3.649089e-03" type="0"/>
    <Peak1D F1="5.298195" intensity="5.885465e-03" type="0"/>
    <Peak1D F1="5.290506" intensity="8.511031e-03" type="0"/>
    <Peak1D F1="5.258245" intensity="4.310485e+00" type="0"/>
    <Peak1D F1="5.250551" intensity="4.326867e+00" type="0"/>
    <Peak1D F1="5.219931" intensity="8.190089e-03" type="0"/>
    <Peak1D F1="5.209443" intensity="5.876424e-03" type="0"/>
    <Peak1D F1="5.111257" intensity="1.107658e-03" type="0"/>
    <Peak1D F1="5.078675" intensity="1.172781e+00" type="0"/>
    <Peak1D F1="5.071175" intensity="1.166244e+00" type="0"/>
    <Peak1D F1="5.037540" intensity="3.656615e-03" type="0"/>
    <Peak1D F1="5.029354" intensity="4.012447e-03" type="0"/>
    <Peak1D F1="4.906544" intensity="7.279349e-03" type="0"/>
    <Peak1D F1="4.899334" intensity="8.079456e-03" type="0"/>
    <Peak1D F1="4.741378" intensity="3.944614e-01" type="0"/>
    <Peak1D F1="4.698610" intensity="2.260086e+00" type="0"/>
    <Peak1D F1="4.655973" intensity="1.886277e-02" type="0"/>
    <Peak1D F1="4.508238" intensity="1.273412e-02" type="0"/>
    <Peak1D F1="4.496089" intensity="1.755556e+00" type="0"/>
    <Peak1D F1="4.480206" intensity="1.824988e+00" type="0"/>
    <Peak1D F1="4.470491" intensity="2.517736e-02" type="0"/>
    <Peak1D F1="4.402950" intensity="1.233837e-02" type="0"/>
    <Peak1D F1="4.364069" intensity="7.500108e-03" type="0"/>
    <Peak1D F1="4.213413" intensity="7.361866e-03" type="0"/>
    <Peak1D F1="4.195860" intensity="1.124527e-02" type="0"/>
    <Peak1D F1="4.097447" intensity="6.975792e-03" type="0"/>
    <Peak1D F1="4.070962" intensity="4.877239e+00" type="0"/>
    <Peak1D F1="4.053389" intensity="6.025693e+00" type="0"/>
    <Peak1D F1="4.036693" intensity="2.757109e-02" type="0"/>
    <Peak1D F1="4.032794" intensity="1.607995e-02" type="0"/>
    <Peak1D F1="4.029520" intensity="1.672605e-02" type="0"/>
    <Peak1D F1="4.021495" intensity="1.873447e-02" type="0"/>
    <Peak1D F1="4.015022" intensity="1.818353e-02" type="0"/>
    <Peak1D F1="3.999023" intensity="7.325382e-03" type="0"/>
    <Peak1D F1="3.976943" intensity="3.001882e-02" type="0"/>
    <Peak1D F1="3.970068" intensity="7.514394e-02" type="0"/>
    <Peak1D F1="3.959621" intensity="1.453581e+00" type="0"/>
    <Peak1D F1="3.953633" intensity="8.962370e-01" type="0"/>
    <Peak1D F1="3.951264" intensity="1.017546e+00" type="0"/>
    <Peak1D F1="3.944854" intensity="3.022719e-01" type="0"/>
    <Peak1D F1="3.934415" intensity="6.600473e-02" type="0"/>
    <Peak1D F1="3.911616" intensity="2.553078e+00" type="0"/>
    <Peak1D F1="3.894525" intensity="4.799414e+00" type="0"/>
    <Peak1D F1="3.877430" intensity="2.755870e+00" type="0"/>
    <Peak1D F1="3.867405" intensity="1.308261e-01" type="0"/>
    <Peak1D F1="3.854459" intensity="1.782853e+00" type="0"/>
    <Peak1D F1="3.842283" intensity="1.332167e+00" type="0"/>
    <Peak1D F1="3.839029" intensity="1.522091e+00" type="0"/>
    <Peak1D F1="3.835491" intensity="1.393720e+00" type="0"/>
    <Peak1D F1="3.816916" intensity="4.270971e-02" type="0"/>
    <Peak1D F1="3.811852" intensity="5.203710e-02" type="0"/>
    <Peak1D F1="3.806650" intensity="6.146659e-02" type="0"/>
    <Peak1D F1="3.800480" intensity="8.659624e-02" type="0"/>
    <Peak1D F1="3.791986" intensity="6.087681e-02" type="0"/>
    <Peak1D F1="3.784917" intensity="8.261260e-02" type="0"/>
    <Peak1D F1="3.778699" intensity="8.237648e-02" type="0"/>
    <Peak1D F1="3.773104" intensity="7.285256e-02" type="0"/>
    <Peak1D F1="3.757153" intensity="1.068668e+00" type="0"/>
    <Peak1D F1="3.752479" intensity="2.844840e+00" type="0"/>
    <Peak1D F1="3.744946" intensity="1.769548e+00" type="0"/>
    <Peak1D F1="3.739111" intensity="1.937413e+00" type="0"/>
    <Peak1D F1="3.732384" intensity="4.386544e+00" type="0"/>
    <Peak1D F1="3.727945" intensity="2.619084e+00" type="0"/>
    <Peak1D F1="3.726229" intensity="2.700573e+00" type="0"/>
    <Peak1D F1="3.722269" intensity="1.687191e+00" type="0"/>
    <Peak1D F1="3.714613" intensity="1.483748e+00" type="0"/>
    <Peak1D F1="3.708737" intensity="3.445969e-01" type="0"/>
    <Peak1D F1="3.701133" intensity="1.215754e+00" type="0"/>
    <Peak1D F1="3.695351" intensity="2.420794e+00" type="0"/>
    <Peak1D F1="3.688814" intensity="2.111534e+00" type="0"/>
    <Peak1D F1="3.681722" intensity="1.633210e+00" type="0"/>
    <Peak1D F1="3.670330" intensity="1.287250e+01" type="0"/>
    <Peak1D F1="3.664601" intensity="1.294374e+01" type="0"/>
    <Peak1D F1="3.658129" intensity="8.478263e+00" type="0"/>
    <Peak1D F1="3.647883" intensity="3.657683e+00" type="0"/>
    <Peak1D F1="3.636896" intensity="7.994372e-01" type="0"/>
    <Peak1D F1="3.627754" intensity="2.640484e+00" type="0"/>
    <Peak1D F1="3.623369" intensity="2.842499e+00" type="0"/>
    <Peak1D F1="3.614209" intensity="8.337321e-01" type="0"/>
    <Peak1D F1="3.603990" intensity="4.280859e+00" type="0"/>
    <Peak1D F1="3.584651" intensity="3.755435e+00" type="0"/>
    <Peak1D F1="3.572380" intensity="1.580666e+00" type="0"/>
    <Peak1D F1="3.567551" intensity="2.360796e+00" type="0"/>
    <Peak1D F1="3.557276" intensity="2.329998e+00" type="0"/>
    <Peak1D F1="3.547421" intensity="1.487571e+00" type="0"/>
    <Peak1D F1="3.544113" intensity="3.171158e+00" type="0"/>
    <Peak1D F1="3.535764" intensity="2.277256e+00" type="0"/>
    <Peak1D F1="3.532031" intensity="1.643822e+00" type="0"/>
    <Peak1D F1="3.518968" intensity="1.500000e+01" type="0"/>
    <Peak1D F1="3.510681" intensity="9.199289e-01" type="0"/>
    <Peak1D F1="3.503913" intensity="3.231776e-01" type="0"/>
    <Peak1D F1="3.497898" intensity="7.057383e-01" type="0"/>
    <Peak1D F1="3.494201" intensity="4.930539e-01" type="0"/>
    <Peak1D F1="3.479595" intensity="9.350589e-02" type="0"/>
    <Peak1D F1="3.469668" intensity="7.110620e-02" type="0"/>
    <Peak1D F1="3.464539" intensity="4.484945e-02" type="0"/>
    <Peak1D F1="3.456997" intensity="5.924098e-02" type="0"/>
    <Peak1D F1="3.449120" intensity="4.240968e-01" type="0"/>
    <Peak1D F1="3.439353" intensity="6.534376e-02" type="0"/>
    <Peak1D F1="3.424868" intensity="1.278327e+00" type="0"/>
    <Peak1D F1="3.415058" intensity="5.165638e+00" type="0"/>
    <Peak1D F1="3.408013" intensity="2.966252e+00" type="0"/>
    <Peak1D F1="3.402684" intensity="1.463640e+00" type="0"/>
    <Peak1D F1="3.395737" intensity="2.544411e+00" type="0"/>
    <Peak1D F1="3.390762" intensity="2.852493e+00" type="0"/>
    <Peak1D F1="3.388385" intensity="3.377509e+00" type="0"/>
    <Peak1D F1="3.381339" intensity="9.877756e-01" type="0"/>
    <Peak1D F1="3.369253" intensity="7.669925e-01" type="0"/>
    <Peak1D F1="3.361703" intensity="6.953519e-01" type="0"/>
    <Peak1D F1="3.347683" intensity="9.475811e-01" type="0"/>
    <Peak1D F1="3.334542" intensity="2.725116e+00" type="0"/>
    <Peak1D F1="3.329596" intensity="2.500209e+00" type="0"/>
    <Peak1D F1="3.325649" intensity="7.398066e-01" type="0"/>
    <Peak1D F1="3.315741" intensity="4.440084e+00" type="0"/>
    <Peak1D F1="3.311204" intensity="2.242073e+00" type="0"/>
    <Peak1D F1="3.306073" intensity="9.761734e-01" type="0"/>
    <Peak1D F1="3.301537" intensity="1.081844e+00" type="0"/>
    <Peak1D F1="3.296823" intensity="2.193522e+00" type="0"/>
    <Peak1D F1="3.290282" intensity="7.766254e-01" type="0"/>
    <Peak1D F1="3.271429" intensity="6.063874e-01" type="0"/>
    <Peak1D F1="3.260519" intensity="1.826433e+00" type="0"/>
    <Peak1D F1="3.252210" intensity="9.042900e-01" type="0"/>
    <Peak1D F1="3.241791" intensity="1.607309e+00" type="0"/>
    <Peak1D F1="3.233286" intensity="5.063178e-01" type="0"/>
    <Peak1D F1="3.223064" intensity="6.463636e-01" type="0"/>
    <Peak1D F1="3.209551" intensity="1.096926e-02" type="0"/>
    <Peak1D F1="3.200724" intensity="1.689273e-02" type="0"/>
    <Peak1D F1="3.187666" intensity="6.745740e-02" type="0"/>
    <Peak1D F1="3.174824" intensity="7.792975e-03" type="0"/>
    <Peak1D F1="3.168954" intensity="2.001931e-02" type="0"/>
    <Peak1D F1="3.150168" intensity="9.457636e-03" type="0"/>
    <Peak1D F1="3.145672" intensity="9.363463e-03" type="0"/>
    <Peak1D F1="3.135006" intensity="6.107078e-03" type="0"/>
    <Peak1D F1="3.130020" intensity="1.617503e-03" type="0"/>
    <Peak1D F1="3.125121" intensity="4.437281e-03" type="0"/>
    <Peak1D F1="3.116030" intensity="1.899158e-02" type="0"/>
    <Peak1D F1="3.101814" intensity="1.293245e+00" type="0"/>
    <Peak1D F1="3.085763" intensity="1.447941e+00" type="0"/>
    <Peak1D F1="3.083543" intensity="1.322816e+00" type="0"/>
    <Peak1D F1="3.067348" intensity="1.091810e+00" type="0"/>
    <Peak1D F1="3.042326" intensity="1.108412e-02" type="0"/>
    <Peak1D F1="2.953999" intensity="6.103661e-03" type="0"/>
    <Peak1D F1="2.936794" intensity="2.840014e-03" type="0"/>
    <Peak1D F1="2.920460" intensity="1.168144e-03" type="0"/>
    <Peak1D F1="2.814173" intensity="2.637573e-01" type="0"/>
    <Peak1D F1="2.783000" intensity="3.931435e-01" type="0"/>
    <Peak1D F1="2.758266" intensity="5.428846e-03" type="0"/>
    <Peak1D F1="2.749445" intensity="4.443891e-03" type="0"/>
    <Peak1D F1="2.725353" intensity="7.798476e-03" type="0"/>
    <Peak1D F1="2.716616" intensity="7.378497e-03" type="0"/>
    <Peak1D F1="2.668699" intensity="4.542747e-01" type="0"/>
    <Peak1D F1="2.650292" intensity="1.760831e-02" type="0"/>
    <Peak1D F1="2.637522" intensity="3.092679e-01" type="0"/>
    <Peak1D F1="2.617567" intensity="5.677229e-03" type="0"/>
    <Peak1D F1="2.603177" intensity="3.996496e-03" type="0"/>
    <Peak1D F1="2.508257" intensity="6.868892e-03" type="0"/>
    <Peak1D F1="2.244593" intensity="1.239353e-03" type="0"/>
    <Peak1D F1="2.227672" intensity="1.355880e-03" type="0"/>
    <Peak1D F1="2.073881" intensity="4.598917e-03" type="0"/>
    <Peak1D F1="2.010433" intensity="3.948772e-03" type="0"/>
    <Peak1D F1="2.005134" intensity="3.762064e-03" type="0"/>
    <Peak1D F1="1.995752" intensity="6.105318e-03" type="0"/>
    <Peak1D F1="1.978390" intensity="7.513797e-03" type="0"/>
    <Peak1D F1="1.973755" intensity="8.582610e-03" type="0"/>
    <Peak1D F1="1.967560" intensity="8.753920e-03" type="0"/>
    <Peak1D F1="1.943360" intensity="1.006849e-02" type="0"/>
    <Peak1D F1="1.936998" intensity="9.764671e-03" type="0"/>
    <Peak1D F1="1.930889" intensity="1.779326e-02" type="0"/>
    <Peak1D F1="1.902709" intensity="5.170795e-03" type="0"/>
    <Peak1D F1="1.896087" intensity="7.600690e-03" type="0"/>
    <Peak1D F1="1.890237" intensity="4.588650e-03" type="0"/>
    <Peak1D F1="1.872576" intensity="1.797994e-03" type="0"/>
    <Peak1D F1="1.866801" intensity="2.191945e-03" type="0"/>
    <Peak1D F1="1.860425" intensity="1.735368e-03" type="0"/>
    <Peak1D F1="1.788176" intensity="3.881438e-03" type="0"/>
    <Peak1D F1="1.766649" intensity="2.861966e-03" type="0"/>
    <Peak1D F1="1.761745" intensity="1.544922e-03" type="0"/>
    <Peak1D F1="1.739538" intensity="7.549000e-04" type="0"/>
  </PeakList1D>
</PeakList>
